type,id,question,A,B,C,D,correct,image,acceptedAnswers,image1,answer1,image2,answer2,image3,answer3,image4,answer4
mcq,1,Kompania zmechanizowana w natarciu może działać jako?,Marsz ubezpieczony,Patrol czołowy,"Pluton, kompania, batalion",Pododdział obejścia,D,,,,,,,,,,
mcq,2,W skład kompanijnego pułku zaopatrzenia wchodzi?,Kompanijny punkt opatrunkowy,Kompanijny punkt żywienia,Grupa ewakuacyjno-remontowa,Grupa ewakuacji medycznej,B,,,,,,,,,,
mcq,3,Do specyficznych środowisk walki zaliczamy?,Teren podmokły,Teren skalisty,Wybrzeże morskie,Warunki dobrej widoczności,C,,,,,,,,,,
mcq,4,KTO Rosomak jako samobieżny moździerz wyposażony jest w główny środek ogniowy o kalibrze?,120mm (Nośnik Moździerza M120 RAK),122mm,155mm,125mm,A,,,,,,,,,,
mcq,5,PPZR Poprad jest środkiem?,Artyleryjskim,Rakietowym,Artyleryjsko-rakietowym,Niekinetycznym,B,,,,,,,,,,
mcq,6,Wyróżniamy następujące rodzaje natarcia?,Atak wyprzedzający,Działania głębokie,Bój spotkaniowy,Pościg,A,,,,,,,,,,
mcq,7,Do uzupełniających działań bojowych zaliczamy?,Działania opóźniające,Bój spotkaniowy,Wymuszanie pokoju,Działania nieregularne,B,,,,,,,,,,
mcq,8,Obroną jest?,Działania na połączenie,Działania opóźniające,Bój spotkaniowy,Obrona manewrowa,D,,,,,,,,,,
mcq,9,Formami działań nieregularnych nie są?,Rozpoznanie,Dywersja,Likwidacja,Działania towarzyszące,D,,,,,,,,,,
mcq,10,Pluton zmechanizowany w jednym rzucie broni się na szerokości ok.?,500m,1000m,100m,300m,A,,,,,,,,,,
mcq,11,"W dowództwie batalionu, dywizjonu tworzy się?",Sztab,Pion operacyjny,Pion głównego księgowego,Pion wsparcia działań,A,,,,,,,,,,
mcq,12,"W pionie operacyjnym batalionu, dywizjonu, eskadry nie tworzy się?",Sekcji,Wydziałów,Pojedynczych stanowisk,Zespołów,B,,,,,,,,,,
mcq,13,"W dowództwie batalionu, dywizjonu tworzy się stanowiska?",Zastępców szefa sztabu,Zastępców szefa logistyki,Zastępców głównego księgowego,Zastępców dowódcy,D,,,,,,,,,,
mcq,14,W KTO Rosomak jako samobieżny moździerz wyposażony jest?,Dywizjon artylerii samobieżnej,Pułk artylerii,Kompanijny moduł ogniowy,Pluton wsparcia,C,,,,,,,,,,
mcq,15,PPZR Poprad przeznaczony jest do zwalczania?,Na małych wysokościach,Na bardzo małych wysokościach,Na średnich wysokościach,Na dużych odległościach,B,,,,,,,,,,
mcq,16,Batalion zmechanizowany ma kompanii zmechanizowanych?,4,5,2,3,D,,,,,,,,,,
mcq,17,Następujący samolot bojowy nie jest na uzbrojeniu eskadr Sił Powietrznych?,MIG 29,SU 27,SU 22,F 16,B,,,,,,,,,,
mcq,18,Następujący śmigłowiec nie jest na uzbrojeniu LWL i WS?,MI 24,AW 149,Black Hawk,Ka-52,D,,,,,,,,,,
mcq,19,Następujący środek obrony przeciwlotniczej nie jest na uzbrojeniu baterii plot?,ZSU 23-4MP BIAŁA,9K33 OSA,2K12 KUB,9K330 TOR,D,,,,,,,,,,
mcq,20,W kompanii zmechanizowanej plutonów zmechanizowanych jest?,4,5,2,3,D,,,,,,,,,,
mcq,21,Następujący czołg nie jest na wyposażeniu WP,T-90,T-72,PT-91,K2,A,,,,,,,,,,
mcq,22,Następujący środek artyleryjski nie jest na uzbrojeniu WP,Armatohaubica samobieżna AHS KRAB,K9 Thunder,WR-40 Langusta,2S35 Koalicja-SW,D,,,,,,,,,,
mcq,24,Rozpoznanie wojskowe obejmuje?,"Odp. zdobywanie i dostarczanie dowódcy informacji o działalności przeciwnika, terenie, warunkach meteorologicznych pozwalających na przygotowanie i prowadzenie walki","rozpoznanie inżynieryjne, przeciwlotnicze, artyleryjskie, skażeń","rozpoznanie powietrzne, morskie, kosmiczne (satelitarne)","rozpoznanie specjalne, ogólnowojskowe",A,,,,,,,,,,
mcq,25,W wojskach lądowych kompania rozpoznawcza jest pododdziałem bezpośrednio podległym dowódcy Brygady. Do jej głównych zadań należy?,"Odp. wydzielenie sił i środków przeznaczone do dozorowania obszaru, prowadzenia działań rozpoznawczych i wykrywania obiektów przeciwnika. Ponadto zdobywa i dostarcza informacje o przeciwniku, terenie, sytuacji skażeń i warunkach hydrometeorologicznych niezbędnych do planowania i prowadzenia działań","Odp.2 celowość, ciągłość, aktywność, terminowość, operatywność, skrytość, wiarygodność, dokładność określania współrzędnych obiektów",,,A,,,,,,,,,,
mcq,26,Rodzaje rozpoznania wojskowego to?,"Rozpoznanie osobowe (HUMINT), Rozpoznanie akustyczne (ACINT), Rozpoznanie obrazowe (IMINT), Rozpoznanie pomiarowe i sygnaturowe (MASINT), Rozpoznanie z ogólnodostępnych źródeł (OSINT), Rozpoznanie radiolokacyjne (RIINT), Rozpoznanie sygnałów elektromagnetycznych (SIGINT)","Rozpoznanie osobowe i wieloosobowe (HUMINT), Rozpoznanie obrazowe (IMINT), Rozpoznanie z ogólnodostępnych źródeł (OSINT), Rozpoznanie radiolokacyjne (RIINT), Rozpoznanie sygnałów radiowych i elektromagnetycznych (SIGINT)","Rozpoznanie osobowe (HUMINT), Rozpoznanie akustyczne (ACINT), Rozpoznanie obrazowe (IMINT), Rozpoznanie z ogólnodostępnych źródeł (OSINT), Rozpoznanie radiolokacyjne (RIINT), Rozpoznanie sygnałów radio i elektromagnetycznych (SIGINT)",,A,,,,,,,,,,
mcq,27,Do zasad rozpoznania zgodnie z „Regulaminem działań wojsk lądowych” zalicza się?,Centralne kierowanie. Terminowość. Systematyczne wykorzystanie źródeł. Obiektywność. Dostępność. Dyspozycyjność. Zabezpieczenie źródeł. Ciągła weryfikacja,Centralne kierowanie. Terminowość. Systematyczne wykorzystanie źródeł. Obiektywność,Systematyczne wykorzystanie źródeł. Obiektywność. Dostępność. Wiarygodność,,A,,,,,,,,,,
mcq,28,Danymi rozpoznawczymi są?,wszystkie dane o przeciwniku,informacje potencjalne które po odpowiednim opracowaniu mogą stać się przydatne w działaniach,porcje informacji przekazywane adresatowi w czystej formie,informacje opracowane na użytek konkretnego adresata,A,,,,,,,,,,
mcq,29,Dowódca prowadzący działania będzie zainteresowany informacjami z następujących rejonów?,"Odp. Działań wroga, frontu i obszarów walki, terenu i warunków geograficznych, zaopatrzenia i logistyki, przestrzeni informatycznej i cybernetycznej, oddziaływania ludności cywilnej",działań przeciwnika,rejonu odpowiedzialności działania brygady,"oddziaływania (Area of Influence), odpowiedzialności rozpoznawczej (Area of Intelligence Responsibility), zainteresowania rozpoznawczego (Area of Intelligence Interest)",A,,,,,,,,,,
mcq,30,Działalność rozpoznawcza powinna być prowadzona w czasie pokoju kryzysu i działań bojowych a wszystkie jej elementy powinny wzajemnie się uzupełniać w zakresie?,"Odp. Ciągłość, kompleksowość, dokładność, elastyczność","Odp.2 przestrzeni, czasu, sił, interoperacyjności, różnorodności, celowości",Przestrzeni – żeby zapewnić pokrycie wszystkich rejonów umożliwiając wykrycie przeciwnika wszelkimi możliwymi środkami; czasu – żeby zapewnić ciągłość działań rozpoznawczych; interoperacyjność wszędzie gdzie to możliwe; różnorodność – różne rodzaje sił i środków rozpoznania,Przestrzeni – żeby zapewnić pokrycie wszystkich rejonów umożliwiając wykrycie przeciwnika wszelkimi możliwymi środkami; czasu – żeby zapewnić ciągłość działań rozpoznawczych; interoperacyjności wszędzie gdzie to możliwe; różnorodności – różne rodzaje sił i środków rozpoznania; wiarygodności – by dowódca był pewny prawdziwości przedstawionych mu informacji,A,,,,,,,,,,
mcq,31,Rejon zainteresowania rozpoznawczego (Area of Intelligence Interest) to obszar z którego dowódca wymaga wiadomości rozpoznawczych od przełożonego i sąsiadów o czynnikach i elementach sytuacji które prawdopodobnie będą wpływać na przebieg bieżących i przyszłych działań. Jego głębokość może wynosić?,"dla batalionu do 30 km, dla brygady do 70 km, dla dywizji do 150 km","dla kompanii do 10 km, dla batalionu do 30 km, dla brygady do 70 km","dla batalionu do 10 km, dla brygady do 50 km, dla dywizji do 100 km",,A,,,,,,,,,,
mcq,32,Rejon odpowiedzialności rozpoznawczej (Area of Intelligence Responsibility) to przydzielony dowódcy danego szczebla obszar w którym jest on odpowiedzialny za dostarczanie informacji zdobytych za pomocą środków będących w jego dyspozycji. Przyjmuje się że głębokość rejonu może wynosić?,"dla batalionu do 7 km, dla brygady do 30 km, dla dywizji do 70 km","dla kompanii do 10 km, dla batalionu do 30 km, dla brygady do 70 km","dla batalionu do 10 km, dla brygady do 50 km, dla dywizji do 100 km",,A,,,,,,,,,,
mcq,33,W skład komponentu lądowego Sił Zbrojnych Federacji Rosyjskiej stacjonującego w Obwodzie Królewieckim wchodzą następujące jednostki wojskowe?,"Skład 11. Korpusu Armijnego Wojsk Lądowych – 18 Dywizja Zmotoryzowana, 7 Samodzielny Pułk Strzelców Zmotoryzowanych, 152 Brygada Rakietowa, 244 Brygada Artylerii, 22 Samodzielny Pułk Rakietowy Obrony Powietrznej, 40 Samodzielny Batalion Dowodzenia, 46 Batalion Rozpoznawczy","Skład 12. Korpusu Armijnego Wojsk Lądowych – 10 Dywizja Zmotoryzowana, 9 Samodzielny Pułk Strzelców Zmotoryzowanych, 153 Brygada Rakietowa, 244 Brygada Artylerii, 22 Samodzielny Pułk Rakietowy Obrony Powietrznej","Skład 11. Korpusu Armijnego Wojsk Lądowych – 18 Dywizja Zmotoryzowana, 8 Samodzielny Pułk Strzelców Zmotoryzowanych, 153 Brygada Rakietowa, 254 Brygada Artylerii, 27 Samodzielny Pułk Rakietowy Obrony Powietrznej, 41 Samodzielny Batalion Dowodzenia, 47 Batalion Rozpoznawczy",,A,,,,,,,,,,
mcq,34,W skład 34. Mieszanej Dywizji Lotniczej Sił Zbrojnych Federacji Rosyjskiej wchodzi?,"4 mieszany pułk lotniczy, 689 pułk lotnictwa myśliwskiego, 396 mieszany pułk śmigłowców","5 mieszany pułk lotniczy, 669 pułk lotnictwa myśliwskiego","4 mieszany pułk lotniczy, 789 pułk lotnictwa myśliwskiego, 210 mieszany pułk śmigłowców",,A,,,,,,,,,,
mcq,35,"Wskaż, które z wymienionych przedsięwzięć nie należy do działań OPBMR?","Wykrywanie, identyfikacja skażeń",Monitoring zmian,"Ostrzeganie, alarmowanie i meldowanie o skażeniach",Ochrona przed zbrojną napaścią,D,,,,,,,,,,
mcq,36,Która substancja chemiczna nie należy do Toksycznych Środków Przemysłowych?,cyjanowodór,chlor,dwutlenek węgla,sarin,C,,,,,,,,,,
mcq,37,Do charakterystycznych oznak użycia BMR zaliczymy?,zniszczenia na niewielką skalę,znaczny wzrost zachorowań na chorobę nieznanego pochodzenia,znaczny spadek poziomu rzek,masowe straty w ludziach,B,,,,,,,,,,
mcq,38,Do zespołu charakterystycznych objawów wywołanych przez TŚP nie należy?,paraliż układu nerwowego,podrażnienie skóry i błon śluzowych,biegunka i inne komplikacje ze strony układu pokarmowego,zaburzenia widzenia,C,,,,,,,,,,
mcq,39,Przyrządem do rozpoznania skażeń chemicznych i promieniotwórczych nie jest?,Dozymetr DKP-50,Lyce Cycler,Papierek wskaźnikowy PWCH-1,Automatyczny przyrząd rozpoznania skażeń chemicznych AP2C i AP4C,B,,,,,,,,,,
mcq,40,Do metod wykrywania skażeń promieniotwórczych nie zaliczamy?,metoda fotograficzna,metoda immunochromatograficzna,metoda scyntylacyjna,metody radiometrycznej,B,,,,,,,,,,
mcq,41,Urządzenie nie służące do detekcji i identyfikacji BMR to?,PCHR-54M,dozymetr optyczny,LIDAR,Real Time-PCR,B,,,,,,,,,,
mcq,42,Co oznacza skrót OPBMR?,Obrona przed Biologiczną Możliwością Rażenia,Obrona przed Bronią Masowego Rażenia,Oznaki Porażenia Bronią Masowego Rażenia,Obrona Poszkodowanych Bronią Masowego Rażenia,B,,,,,,,,,,
mcq,43,Wskaż prawidłową definicję „identyfikacji skażeń”?,Działanie zmierzające do ustalenia rodzaju środka lub materiału użytego podczas wystąpienia zdarzenia BMR,Działanie zmierzające do ustalenia rodzaju środka lub materiału użytego podczas wystąpienia zdarzenia CBRN,Działanie zmierzające do ustalenia przedmiotu i czynnika użytego podczas wystąpienia zdarzenia CBRN,Dział poświęcony identyfikacji skażenia poprzez identyfikację użytego czynnika BMR,B,,,,,,,,,,
mcq,44,Które rozwinięcie skrótu ZSOPS jest prawidłowe?,Zabezpieczające Środki Ochrony przed Skażeniami,Zbiorowe Środki Ochrony przed Skażeniami,Zbiorcze Środki Ochrony przed Skażeniami,Zwyczajny Sprzęt Ochronny przed Skażeniami,B,,,,,,,,,,
mcq,45,Prawidłowa definicja „broni jądrowej” to?,"Kompletny zestaw urządzeń, który w swej ostatecznej, zaplanowanej konfiguracji po zakończeniu procesu uzbrajania prowadzi do zainicjowania niekontrolowanej reakcji jądrowej z uwolnieniem energii","Kompletny zestaw urządzeń, który w swej ostatecznej, zaplanowanej konfiguracji po zakończeniu procesu uzbrajania i odpalania prowadzi do zainicjowania niekontrolowanej reakcji jądrowej z uwolnieniem energii","Zestaw urządzeń, który w swej ostatecznej konfiguracji po zakończeniu procesu odpalania prowadzi do zainicjowania niekontrolowanej reakcji jądrowej z uwolnieniem energii",Urządzenia inicjujące reakcję jądrową z udziałem uwolnionej energii o ogromnej sile,B,,,,,,,,,,
mcq,46,Obrona Przeciwlotnicza jest częścią składową?,walki zbrojnej prowadzonej w wymiarze powietrznym,obrony powietrznej,zabezpieczenia powietrznego państwa,zabezpieczenia bojowego,B,,,,,,,,,,
mcq,47,Jaki element należy do pasywnej powszechnej obrony przeciwlotniczej?,maskowanie,aktywna walka z przeciwnikiem powietrznym,rozpoznanie optyczno-wojskowe przestrzeni powietrznej,ostrzeganie i alarmowanie o zagrożeniu z powietrza,A,,,,,,,,,,
mcq,48,Do obowiązków obserwatora na posterunku obserwacyjnym nie należy?,wykrywanie obiektów powietrznych,identyfikacja obiektów powietrznych,rozśrodkowanie,ostrzeganie i alarmowanie o zagrożeniu z powietrza,C,,,,,,,,,,
mcq,49,Likwidacja skutków uderzeń ze strony przeciwnika powietrznego nie obejmuje?,ewakuacji rannych,naprawy uszkodzonego sprzętu,maskowania,gaszenia pożarów,C,,,,,,,,,,
mcq,50,W całym spektrum zadań ogniowych wykonywanych obecnie przez większość śmigłowców bojowych można określić zastępujące ich rodzaje?,działania na wezwanie z pola walki,samodzielne poszukiwanie i zwalczanie obiektów,zasadzki ogniowe,wszystkie powyższe odpowiedzi są poprawne,D,,,,,,,,,,
mcq,51,Jakie wyróżniamy sposoby stawiania zapór ogniowych w ramach POPL?,"pionowa, pochyłą","pionowa, prostopadła","pochyła, prostopadła",wszystkie powyższe odpowiedzi są poprawne,A,,,,,,,,,,
mcq,52,Zestawy przeciwlotnicze krótkiego zasięgu zgodnie z podziałem według zasięgu mieszczą się w przedziale?,do 10km,od 10km do 50km,od 50km do 100km,powyżej 100km,B,,,,,,,,,,
mcq,53,W ramach programu NAREW pozyskano zestawy przeciwlotnicze?,PATRIOT,CAMM,POPRAD,PIORUN,B,,,,,,,,,,
mcq,54,Co należy do wyposażenia Posterunku Obserwacyjnego?,"dziennik obserwatora, chorągiewki","gong, busola, tabliczki ze stronami świata",środki do obserwacji oraz łączności,wszystkie odpowiedzi są poprawne,D,,,,,,,,,,
mcq,55,Odwołanie alarmu powietrznego może odbywać się z użyciem syreny /sygnału akustycznego/ i jest to?,dźwięk modulowany trwający 3 minuty,dźwięk ciągły trwający 3 minuty,dźwięk przerywany co 1 minutę,dźwięk modulowany trwający 1 minutę,B,,,,,,,,,,
mcq,56,Ogłoszenie alarmu powietrznego może odbywać się z użyciem syreny /sygnału akustycznego/ i jest to?,dźwięk modulowany trwający 3 minuty,dźwięk ciągły trwający 3 minuty,dźwięk przerywany co 1 minutę,dźwięk modulowany trwający 1 minutę,A,,,,,,,,,,
mcq,57,Zestawy przeciwlotnicze z uwagi na zasięg dzielimy na:,"bliskiego, małego, średniego, dalekiego zasięgu","bardzo krótkiego, krótkiego, średniego, dalekiego zasięgu","bardzo krótkiego, małego, średniego, dalekiego zasięgu",,B,,,,,,,,,,
mcq,58,Powszechną Obronę Przeciwlotniczą POPL dzielimy na:,czynną i bierną,jednorodną i mieszaną,aktywną i pasywną,,C,,,,,,,,,,
mcq,59,Powszechna Obrona Przeciwlotnicza jest rodzajem zabezpieczenia:,przeciw śmigłowcowego,bojowego,inżynieryjnego,wszystkie powyższe odpowiedzi są poprawne,B,,,,,,,,,,
mcq,60,Wskazywanie celów powietrznych oraz meldowania o wykrytych celach można dokonać w oparciu o:,kierunek marszu,dozory oraz strony świata,za pomocą zegarka,wszystkie powyższe odpowiedzi są poprawne,D,,,,,,,,,,
mcq,61,Jak dzielimy lotnicze środki rażenia:,"bomby lotnicze, pociski rakietowe, uzbrojenie artyleryjsko-strzeleckie","bomby lotnicze, systemy rakietowe, uzbrojenie artyleryjsko-strzeleckie","bomby lotnicze, pociski rakietowe, działka, karabiny, granatniki",,A,,,,,,,,,,
mcq,62,Podstawowym środkiem walki z Środkami Napadu Powietrznego w ramach Powszechnej Obrony Przeciwlotniczej są:,systemy przeciwlotnicze,broń artyleryjska,broń etatowa i pokładowa,,C,,,,,,,,,,
mcq,63,Ile transmisji składa się na procedurę Call For Fire?,3,4,5,,A,,,,,,,,,,
mcq,64,Co zawiera pierwsza transmisja Call For Fire?,Warning order i observer identification,Observer identification,żadne z powyższych,,A,,,,,,,,,,
mcq,65,Co zawiera druga transmisja Call For Fire?,TGT Location – target location,Observer identification,Warning order,,A,,,,,,,,,,
mcq,66,Co zawiera trzecia transmisja Call For Fire?,"TGT description, method fire and control, method of engagement",method fire and control,"method fire, method of engagement",,A,,,,,,,,,,
mcq,67,Jakie są metody wysyłania informacji o lokalizacji celu podczas procedury Call For Fire?,"grid, laser, polar i shift from known point","laser, polar i shift",żadne z powyższych,,A,,,,,,,,,,
mcq,68,Co znaczy skrót MTO?,Message to observer,Message to orientation,Message to obey,,A,,,,,,,,,,
mcq,69,Co to jest MAX ORD?,Maximum ordnance – maksymalna wierzchołkowa toru lotu pocisku,Maximum cord – maksymalne koordynaty,Maximum observer destination – maksymalna odległość obserwatora,,A,,,,,,,,,,
mcq,70,Co to jest zabezpieczenie inżynieryjne?,"Ubezpieczenie pododdziałów w celu ich obrony przed obserwacją, ogniem bezpośrednim oraz niespodziewanym atakiem przeciwnika",Całokształt podejmowanych i realizowanych przedsięwzięć zapewniających ochronę i obronę stanów osobowych i sprzętu wojskowego,Zorganizowane działanie wojsk polegające na przystosowaniu terenu do prowadzenia działań taktycznych,,C,,,,,,,,,,
mcq,71,Jakie obiekty fortyfikacyjne wykonuje się w ramach prac pierwszej kolejności rozbudowy fortyfikacyjnej terenu?,Schrony przeciwodłamkowe,Okopy dla karabinów maszynowych i granatników przeciwpancernych oraz pojedyncze okopy strzeleckie,Schrony typu lekkiego na stanowiskach dowodzenia,,B,,,,,,,,,,
mcq,72,Zadaniami wsparcia inżynieryjnego w sferze niemilitarnej są?,"udział w akcjach ratowniczych, likwidacji skutków klęsk żywiołowych i katastrof, rozminowywaniu terenu, budowie i utrzymaniu infrastruktury drogowej i mostowej, a także wydobywaniu i oczyszczaniu wody","udział w akcjach ratowniczych, rozminowanie terenu, wydobywanie i oczyszczanie wody","udział w akcjach ratowniczych, likwidacji skutków klęsk żywiołowych i katastrof, rozminowywanie terenu, wydobywaniu wody",,A,,,,,,,,,,
mcq,73,Jaki jest cel rozpoznania inżynieryjnego?,Zdobycie wiarygodnych danych o terenie i działalności inżynieryjnej przeciwnika dla potrzeb wojsk własnych,Zdobycie wiarygodnych danych o terenie dla potrzeb wojsk własnych,Zdobycie wiarygodnych danych o działalności inżynieryjnej przeciwnika dla potrzeb wojsk własnych,zdobycie informacji o przeciwniku,A,,,,,,,,,,
mcq,74,Czym są prace minerskie?,"Prace prowadzone przez zespół ludzi, który w określonym celu wykorzystuje właściwości materiałów wybuchowych","prace prowadzone przez żołnierza, który w określonym celu wykorzystuje miny przeciwpiechotne","prace prowadzone przez zespół ludzi, wykorzystując do tego właściwości granatów ręcznych",,A,,,,,,,,,,
mcq,75,Jakie ładunki wybuchowe wyróżniamy ze względu na kształt?,"wydłużone, kuliste, kumulacyjne, płaskie","kuliste, kumulacyjne","wydłużone, płaskie",żadna odpowiedź nie jest prawidłowa,A,,,,,,,,,,
mcq,76,Wojska inżynieryjne przewidziane są do realizacji wojskowych prac inżynieryjnych wymagających wykorzystania typowych maszyn i materiałów inżynieryjnych w następujących specjalnościach?,Odp. Fortyfikacje i zapory inżynieryjne. Maskowanie i kamuflaż. Wsparcie działań ratowniczych. Zwalczanie skutków skażeń chemicznych i biologicznych. Dostarczanie Energii i Wody,,,,A,,,,,,,,,,
mcq,77,Czym jest wsparcie inżynieryjne?,"Odp. Wszelka działalność inżynieryjna prowadzona przez pododdziały lub oddziały wojsk inżynieryjnych albo inne pododdziały dysponujące sprzętem inżynieryjnym na korzyść podmiotu wspieranego, polegająca na realizacji czynności, prac, zadań i przedsięwzięć inżynieryjnych umożliwiających osiąganie głównego celu działania",,,,A,,,,,,,,,,
mcq,78,Jakie powinno być maskowanie podczas realizacji zadań w ramach zabezpieczenia inżynieryjnego?,"Ciągłe, różnorodne, odporne na warunki atmosferyczne i wiarygodne","Aktywne, ciągłe, wiarygodne i różnorodne","Dynamiczne, wiarygodne i różnorodne",,B,,,,,,,,,,
mcq,79,Zadaniami wsparcia inżynieryjnego w sferze militarnej są?,"Odp. Budowa i utrzymanie infrastruktury, rozminowanie i usuwanie niewybuchów, zabezpieczenie i utrzymanie łańcucha logistycznego, wsparcie w zakresie mobilności wojsk, tworzenie przeszkód terenowych, prace w zakresie ochrony środowiska i przestrzeni, wsparcie w działaniach ofensywnych i defensywnych",,,,A,,,,,,,,,,
mcq,80,Jaką procedurę stosuje się po zatrzymaniu pojazdu w miejscu niebezpiecznym?,5-25,5xC,C-IED,,A,,,,,,,,,,
mcq,81,Jakie obiekty fortyfikacyjne wykonuje się w ramach prac w pierwszej kolejności rozbudowy fortyfikacyjnej terenu?,Schrony przeciwodłamkowe,Okopy dla karabinów maszynowych i granatników przeciwpancernych oraz pojedyncze okopy strzeleckie,schrony typu lekkiego na stanowiskach dowodzenia,,B,,,,,,,,,,
mcq,82,Jakie wyróżniamy sposoby ustawiania pól minowych?,"ręczny, mechaniczny, elektromagnetyczny","narzutowy, ręczny, mechaniczny","mechaniczny, narzutowy, elektromagnetyczny",,B,,,,,,,,,,
mcq,83,Jaką procedurę stosuje się w przypadku wykrycia lub podejrzenia podłożenia IED?,5-25,5xC,C-IED,,B,,,,,,,,,,
mcq,84,Do zasadniczych zadań zabezpieczenia inżynieryjnego nie należy:,przygotowanie i utrzymanie dróg,rozśrodkowanie wojsk,wydobywanie i oczyszczanie wody,,B,,,,,,,,,,
mcq,85,Co to jest EOD?,improwizowane urządzenie wybuchowe z elementami nieusuwalności,procedura postępowania w przypadku wykrycia niewybuchu,pododdział do zwalczania improwizowanych urządzeń wybuchowych,,C,,,,,,,,,,
mcq,86,Wojskowe mapy topograficzne należą do grupy map?,ogólnogeograficznych,tematycznych,specjalnych,,A,,,,,,,,,,
mcq,87,Przygotowanie mapy do pracy nie obejmuje?,sprawdzenie zgodności pokrycia mapy z wykonywanym zadaniem,sprawdzenia aktualności treści mapy,"sprawdzenia wydawcy mapy, jej godła i nr serii",,C,,,,,,,,,,
mcq,88,Mapę można zorientować?,magnetycznie,geometrycznie,wszystkie odpowiedzi są poprawne,,C,,,,,,,,,,
mcq,89,Odległość zmierzona w terenie wynosi 575 m. Jakim odcinkiem jest przedstawiona na mapie w skali 1:25000?,23mm,"2,33 cm","2,3 mm",,A,,,,,,,,,,
mcq,90,Na mapie w skali 1:50000 1cm odpowiada odległości w terenie równej?,50 m,100 m,500 m,,C,,,,,,,,,,
mcq,91,Kierunek północy geograficznej na mapie wyznaczają?,wschodnia i zachodnia ramka mapy,pionowe linie siatki kilometrowej,linie izogony i agony,,A,,,,,,,,,,
mcq,92,Swoje położenie w terenie możemy określić?,według pobliskich punktów orientacyjnych,za pomocą wcięcia w bok (na jeden punkt),za pomocą wcięcia wstecz (na kilka punktów),wszystkie odpowiedzi są poprawne,D,,,,,,,,,,
mcq,93,Jaki sposób pomiaru odległości będzie najczęściej wykorzystywany podczas wykonywania marszu wg mapy?,na „oko”,krokami (parami kroków),wg wielkości kątowych przedmiotów terenowych,,B,,,,,,,,,,
mcq,94,Umowne znaki topograficzne możemy podzielić na?,znaki punktowe,znaki liniowe,wszystkie odpowiedzi są poprawne,znaki objaśniające,C,,,,,,,,,,
mcq,95,Kierunek spadku terenu na mapie możemy określić za pomocą?,kresek spadku,opisu warstwic,wszystkie odpowiedzi są poprawne,,C,,,,,,,,,,
mcq,96,Funkcje dowodzenia to?,"planowanie, organizowanie, przewodzenie, kontrolowanie","orientowanie, planowanie, stawianie zadań, kontrola","proces dowodzenia, system dowodzenia, organizacja dowodzenia","analiza zadania, ocena sytuacji, porównanie i rozważenie wariantów działania",A,,,,,,,,,,
mcq,97,Jakie rodzaje wojsk wchodzą w skład Sił Powietrznych?,"wojska lotnicze, wojska obrony przeciwlotniczej, wojska radiotechniczne","wojska lotnicze, wojska radiotechnicze, wojska szkolne","wojska lotnicze, wojska obrony przeciwlotniczej, wojska obrony powietrznej",,A,,,,,,,,,,
mcq,98,W jakiej sytuacji wydaje się zarządzenie bojowe?,"W wypadku zmiany sytuacji lub sposobu działania dowódca może dokonać zmian w wydanym wcześniej rozkazie bojowym, omawiając tylko punkty, które uległy zmianie",Wydaje się je wyłącznie po zakończeniu działań bojowych w celu podsumowania strat,"Wydaje się je zamiast każdego rozkazu bojowego, niezależnie od sytuacji",Wydaje się je tylko w czasie pokoju podczas szkolenia,A,,,,,,,,,,
mcq,99,Jednostki wojskowe i związki organizacyjne Sił Zbrojnych RP w czasie pokoju podlegają?,Dowódcy Generalnemu Rodzajów Sił Zbrojnych,Dowódcy Operacyjnemu Rodzajów Sił Zbrojnych,Dowódcy Komponentu Polskiemu,,A,,,,,,,,,,
mcq,100,Kto jest Zwierzchnikiem Sił Zbrojnych RP?,Prezydent RP,Minister Obrony Narodowej,Dowódca Generalny Rodzajów Sił Zbrojnych,,A,,,,,,,,,,
mcq,101,Ile punktów zawiera rozkaz bojowy?,5,6,4,3,A,,,,,,,,,,
mcq,102,Jakie elementy wchodzą w skład systemu dowodzenia?,"Organizacja dowodzenia, środki dowodzenia, proces dowodzenia","Zasoby dowodzenia, środki dowodzenia, organizacja dowodzenia, proces dowodzenia","Organizacja dowodzenia, środki dowodzenia, zasady dowodzenia",,A,,,,,,,,,,
mcq,103,Wojska aeromobilne wchodzą w skład?,wojska zabezpieczenia,wojska wsparcia,wojsk lądowych,sił powietrznych,C,,,,,,,,,,
mcq,104,W skład Sił Powietrznych jako ich związki taktyczne wchodzą?,"1 Skrzydło Lotnictwa Taktycznego, 2 Skrzydło Lotnictwa Taktycznego, 3 Skrzydło Lotnictwa Transportowego, 4 Skrzydło Lotnictwa Szkolnego, 3 Brygada Radiotechniczna, 3 Brygada Rakietowa Obrony Powietrznej","1 Skrzydło Lotnictwa Taktycznego, 2 Skrzydło Lotnictwa Taktycznego, 3 Skrzydło Lotnictwa Transportowego","1 Skrzydło Lotnictwa Taktycznego, 2 Skrzydło Lotnictwa Taktycznego, 3 Brygada Radiotechniczna, 3 Brygada Rakietowa Obrony Powietrznej",,A,,,,,,,,,,
mcq,105,W punkcie drugim rozkazu bojowego nie umieszcza się?,podpunktów jak w pozostałych punktach rozkazu,sposobu działania przeciwnika,warunków terenowych i atmosferycznych,informacji o sąsiadach,A,,,,,,,,,,
mcq,106,Czynniki walki zbrojnej to?,"Rażenie, Ruch, Informacja","Walka, Ruch, Obrona","Rażenie, Walka, Ruch, Informacja",,A,,,,,,,,,,
mcq,107,W punkcie pierwszym rozkazu bojowego (Sytuacja) nie umieszcza się?,zadania,przeciwnika,sił własnych,,A,,,,,,,,,,
mcq,108,Dokumenty graficzne to?,"rozkazy, zarządzenia, meldunki, sprawozdania, inne dokumenty sporządzone na mapie topograficznej lub podkładowej",to plan operacji oraz mapy działań taktycznych,załączniki do rozkazu bojowego,wszystkie dokumenty wytwarzane na stanowisku dowodzenia,A,,,,,,,,,,
mcq,109,Podczas opracowywania dokumentów graficznych?,stosuje się dowolne znaki i skróty,stosuje się tylko znaki taktyczne,stosuje się obowiązujące umowne znaki i skróty wojskowe,stosuje się tylko znaki i skróty które określił dowódca wyższego szczebla,C,,,,,,,,,,
mcq,110,W jaki sposób wykonuje się opisy dokumentów graficznych?,"Opisy dokumentów graficznych i inne objaśnienia wykonuje się pismem technicznym, pochyłym lub pionowym, równolegle do poziomej linii siatki współrzędnych lub dolnej/górnej ramki szkicu albo mapy","Opisy wykonuje się dowolnym pismem, zawsze ukośnie względem ramki mapy",Opisy wykonuje się wyłącznie drukowanymi literami wzdłuż pionowej linii siatki współrzędnych,"Opisy wykonuje się tylko kolorem czerwonym, niezależnie od treści dokumentu",A,,,,,,,,,,
mcq,111,"Do oznaczania wojsk własnych stosuje się znaki graficzne z niezbędnymi opisami, nanoszone kolorem?","NIEBIESKIM lub czarnym, wówczas przeciwnik rysowany linią podwójną",niebieskim,czerwonym,,A,,,,,,,,,,
mcq,112,W jaki sposób nanosimy na mapę położenie wojsk i obiektów rzeczywiste oraz planowane i pozorne?,"Rzeczywiste – linią ciągłą, planowane – linią przerywaną, pozorne – specjalnymi oznaczeniami, np. kropkowane linie lub symbole z dodatkowymi znakami","Rzeczywiste – linią przerywaną, planowane – linią ciągłą, pozorne – specjalnymi oznaczeniami, np. kropkowane linie lub symbole z dodatkowymi znakami","Rzeczywiste – specjalnymi oznaczeniami, planowane – linią przerywaną, pozorne – linią ciągłą",,A,,,,,,,,,,
mcq,113,"W jaki sposób dowiązuje się do mapy topograficznej oleaty, kalki, folie?","Dowiązuje się do mapy w odpowiedniej skali, oznaczając przynajmniej trzy charakterystyczne punkty dowiązania","Dowiązuje się do mapy w odpowiedniej skali, oznaczając przynajmniej cztery charakterystyczne punkty dowiązania",żadna z odpowiedzi nie jest prawidłowa,,A,,,,,,,,,,
mcq,114,Dokumenty dowodzenia można podzielić na?,"Rozkazy, zarządzenia, dyrektywy","Dyrektywne, planistyczne, sprawozdawczo informacyjne, pomocnicze","Meldunki, sprawozdania, mapy operacyjne, komunikaty",,B,,,,,,,,,,
mcq,115,Rozkaz bojowy składa się z następujących punktów?,"sytuacja, zadanie, realizacja, zabezpieczenie logistyczne, dowodzenie i łączność","przeciwnik, wojska własne, sąsiedzi, zabezpieczenie logistyczne, dowodzenie","rozpoznanie, analizowanie, stawianie zadań, kontrola",,A,,,,,,,,,,
mcq,116,ATO jest rozkazem bojowym dla?,"rozkaz bojowy dla pilotów, Sił Powietrznych","rozkaz bojowy dla nawigatorów, Sił Powietrznych",rozkaz bojowy dla żołnierzy Skrzydła Taktycznego,,A,,,,,,,,,,
mcq,117,Podstawowymi dokumentami dowodzenia są?,"warianty działania przeciwnika i wojsk własnych, meldunek sytuacyjny, dokumenty planistyczne sztabu","rozkaz bojowy, zarządzenie bojowe, wstępne zarządzenie bojowe","komunikat rozpoznawczy, meldunek bojowy, dziennik działań, mapa sytuacyjna",,B,,,,,,,,,,
mcq,118,W czasie realizacji procesu dowodzenia mogą być organizowane następujące odprawy?,"zasadnicza, zadaniowa, podsumowująca","analityczna, zadaniowa, wykonawcza","informacyjna, koordynacyjna, decyzyjna",,C,,,,,,,,,,
mcq,119,Do dokumentów sprawozdawczo informacyjnych dowodzenia nie zaliczamy?,"rozkazów, dyrektyw, zarządzeń","meldunków, sprawozdań, dzienników działań","map sytuacyjnych, komunikatów rozpoznawczych",,A,,,,,,,,,,
mcq,120,"Wyróżnia się trzy rodzaje załączników, uzupełnień i dodatków w dokumentach dowodzenia?","otwarte, zamknięte, mieszane","oleaty, mapy, tabele","pisemne, graficzne, tabelaryczne",,C,,,,,,,,,,
mcq,121,Zarządzenie przygotowawcze?,"jest dokumentem sprawozdawczym, informacyjnym",nie występuje taki dokument,"jest dokumentem bojowym, którego celem jest uruchomienie procesu przygotowania podległych pododdziałów do przyszłych zadań bojowych",jest dokumentem rozpoznawczym,C,,,,,,,,,,
mcq,122,Kiedy jest wydawane Wstępne zarządzenie bojowe?,po odprawie decyzyjnej,po wydaniu Rozkazu bojowego,po odprawie informacyjnej,po odprawie koordynacyjnej,A,,,,,,,,,,
mcq,123,Jaki jest układ Zarządzenia bojowego?,"taki sam jak Rozkazu bojowego, jednak zawiera tylko te treści, które nie były podane we wcześniejszych rozkazach lub je zmienia",wszystkie odpowiedzi są prawidłowe,decyduje o tym dowódca na stanowisku dowodzenia,"taki sam jak Rozkazu bojowego, zawiera te same treści, które były podane we wcześniejszych rozkazach",A,,,,,,,,,,
mcq,124,Proces dowodzenia to?,to cykl informacyjno-decyzyjny jednakowy na wszystkich szczeblach dowodzenia polegający na cyklicznej realizacji czynności w ramach funkcji dowodzenia,to cykl informacyjno-decyzyjny na pojedynczym szczeblu dowodzenia polegający na cyklicznej realizacji czynności w ramach funkcji dowodzenia,żadna odpowiedź nie jest prawidłowa,,A,,,,,,,,,,
mcq,125,Jakie fazy realizowane są w ramach procesu dowodzenia?,"ustalenie położenia, planowanie, stawianie zadań, kontrola","analiza zadania, ocena czynników wpływających na wykonanie zadania, rozważenie i porównanie wariantów działania","planowanie, organizowanie, przewodzenie, kontrolowanie",,A,,,,,,,,,,
mcq,126,W ramach której fazy procesu dowodzenia podejmowana jest decyzja dowódcy?,Planowania,Oceny sytuacji,Analizy zadania,,A,,,,,,,,,,
mcq,127,W ramach której fazy procesu dowodzenia opracowywany jest rozkaz bojowy?,Planowania,Oceny sytuacji,Analizy zadania,,A,,,,,,,,,,
mcq,128,Wskaż właściwą kolejność etapów planowania jako fazy procesu dowodzenia?,"Ocena sytuacji, Decyzja, Opracowanie planu działania, Opracowanie rozkazu bojowego","Decyzja, Ocena sytuacji, Opracowanie planu działania, Opracowanie rozkazu bojowego","Ocena sytuacji, Decyzja, Opracowanie zarządzenia przygotowawczego, Opracowanie rozkazu bojowego",,A,,,,,,,,,,
mcq,129,W ramach oceny sytuacji należy zrealizować następujące czynności?,"orientowanie, ocena czynników i opracowanie wariantów działania, rozważenie wariantów działania, porównanie wariantów działania","ustalenie położenia, ocena czynników i opracowanie wariantów działania, rozważenie wariantów działania, porównanie wariantów działania","ustalenie położenia, planowanie, stawienie zadań, kontrola","analiza zadania, ocena czynników i opracowanie wariantów działania, rozważenie wariantów działania, porównanie wariantów działania",D,,,,,,,,,,
mcq,130,Czynnością realizowaną w ramach oceny sytuacji nie jest?,planowanie,analiza zadania,porównanie wariantów działania,,A,,,,,,,,,,
mcq,131,Wstępne zarządzenie bojowe można wydać?,"po podjęciu decyzji i określeniu zamiaru, gdy pododdział nie znajduje się jeszcze w rejonie przyszłych działań, a istnieją warunki do rozpoczęcia planowania",wyłącznie po całkowitym zakończeniu działań bojowych i sporządzeniu meldunku końcowego,zawsze dopiero po wydaniu pełnego rozkazu bojowego wszystkim podwładnym,tylko w czasie pokoju podczas szkolenia sztabowego,A,,,,,,,,,,
mcq,132,"Ustalenie położenia, jako pierwsza faza procesu dowodzenia ma na celu?","stworzenie dowódcy maksymalnie przejrzystego obrazu sytuacji w celu jej oceny, podjęcia decyzji, postawienia zadań i dowodzenia podległymi siłami",opracowanie ostatecznego rozkazu bojowego bez prowadzenia dalszej analizy sytuacji,wyłącznie sprawdzenie stanu technicznego sprzętu i uzbrojenia pododdziału,przekazanie podwładnym gotowego wariantu działania bez oceny sytuacji,A,,,,,,,,,,
mcq,133,Pierwszą czynnością fazy planowania i etapu oceny sytuacji jest?,Analiza zadania,Ocena sytuacji,Ustalenie położenia,,A,,,,,,,,,,
mcq,134,Analiza zadania powinna określać?,"cel zadania, zakres zadania, zasoby, czas, ryzyko, warunki terenowe, zadania podległych jednostek, przewidywane reakcje przeciwnika",wyłącznie skład osobowy pododdziału oraz wykaz uzbrojenia,tylko sposób prowadzenia łączności i rozmieszczenie stanowisk dowodzenia,jedynie przewidywane warunki atmosferyczne i porę dnia,A,,,,,,,,,,
mcq,135,"W ramach oceny sytuacji dokonuje się oceny czynników wpływających na wykonanie zadania. Wskaż prawidłowo grupy czynników, które należy poddać ocenie?","ocena przeciwnika, ocena wojsk własnych, ocena środowiska obejmująca warunki terenowe, atmosferyczne, ludność i czas",wyłącznie ocena przeciwnika oraz jego zamiaru działania,tylko ocena wojsk własnych i dostępnych środków transportu,"ocena dokumentów sprawozdawczych, map i załączników",A,,,,,,,,,,
mcq,136,W ramach oceny środowiska nie ocenia się?,wpływu warunków atmosferycznych na zastosowanie uzbrojenia,sił przeciwnika,warunków atmosferycznych,terenu,B,,,,,,,,,,
mcq,137,Decyzja dowódcy to?,odrzucenie przez dowódcę wszystkich zaproponowanych wariantów działania,rekomendowanie konkretnego wariantu działania,"jednorazowy akt woli dowódcy, w celu świadomego wyboru jednego z kilku wariantów działania",zaproponowanie konkretnego działania,C,,,,,,,,,,
mcq,138,Ostatnią fazą procesu dowodzenia jest?,kontrola,opracowanie rozkazu bojowego,porównanie wariantów działania,,A,,,,,,,,,,
mcq,139,Nepotyzm to?,niekarane formy korupcji,przestępstwa,wykroczenia,,A,,,,,,,,,,
mcq,140,Do przesłanek korupcji zalicza się?,"uprawnienia władcze, władza",wyłącznie wykonywanie obowiązków administracyjnych bez wpływu na decyzje,brak dostępu do informacji i brak kontaktu z interesantami,jedynie praca zespołowa bez odpowiedzialności decyzyjnej,A,,,,,,,,,,
mcq,141,Jednym z kierunków zagrożeń korupcją w Siłach Zbrojnych RP jest?,transfer technologii,wyłącznie szkolenie fizyczne żołnierzy,organizacja czasu wolnego w jednostce,prowadzenie zajęć sportowych,A,,,,,,,,,,
mcq,142,Do mechanizmów ustawiania przetargów zalicza się?,zbędne pozycje w zamówieniu,losowy dobór komisji bez wpływu na wynik,przejrzyste publikowanie pełnej dokumentacji,kontrola formalna zgodna z procedurami,A,,,,,,,,,,
mcq,143,Do mechanizmów korupcjogennych zalicza się?,konflikt interesów,jawność postępowania,przejrzystość procedur,rotacyjność stanowisk,A,,,,,,,,,,
mcq,144,Rekomendacje GRECO pochodzą od?,Grupy Państw Przeciwko Korupcji,Głównego Rejestru Ewidencji Cywilno-Obronnej,Generalnej Rady Ekspertów Kontroli Operacyjnej,Grupy Reagowania Ekonomicznego Centrum Operacyjnego,A,,,,,,,,,,
mcq,145,Kompleksowy program antykorupcyjny realizowany przez Ministerstwo Obrony Narodowej ma na celu?,budowanie przejrzystości,ograniczenie jawności procedur,likwidację kontroli wewnętrznej,utajnienie zamówień publicznych,A,,,,,,,,,,
mcq,146,Do zasadniczych mechanizmów obronnych zalicza się?,procedura informowania przełożonych o nieprawidłowościach,unikanie zgłaszania podejrzeń przełożonym,ukrywanie konfliktu interesów,przyjmowanie nieformalnych korzyści,A,,,,,,,,,,
mcq,147,W przypadku zaistnienia przestępstwa korupcyjnego żołnierz?,dokonuje zatrzymania obywatelskiego,nie podejmuje żadnych czynności do czasu zakończenia służby,może pominąć zgłoszenie zdarzenia,zabezpiecza sprawcę bez powiadamiania przełożonych,A,,,,,,,,,,
mcq,148,W przypadku niezawiadomienia o ofercie korupcyjnej żołnierz?,"skutkuje możliwością postawienia zarzutu z art. 231 kk, czyli niedopełnienia obowiązków służbowych",jest prawem żołnierza,nie rodzi skutków prawnych,,A,,,,,,,,,,
mcq,149,Izolowany personel wojskowy to?,"Osoby, które zostały porwane i są przetrzymywane","Osoby, które na skutek oddziaływania przeciwnika zgubiły się, uległy wypadkowi lub zostały przechwycone","Personel, który został odseparowany od macierzystej jednostki i zmuszony do stosowania technik przeżycia, ukrywania się, przeciwstawienia wykorzystaniu i ucieczki","Personel, który utracił kontakt w wyniku osadzenia w więzieniu",C,,,,,,,,,,
mcq,150,Czy SERE to?,Szkolenie żołnierzy narażonych na izolację,Metody unikania przeciwnika,Plan ucieczki z niewoli po zatrzymaniu,,A,,,,,,,,,,
mcq,151,Kto podlega przeszkoleniu w zakresie SERE poziomu A?,Personel szczególnie narażony na izolację,Wszyscy żołnierze,Personel jednostek lotniczych z uwagi na możliwość ich zestrzelenia,,B,,,,,,,,,,
mcq,152,Do jakiej litery w akronimie PLWF zaliczymy ogień?,każdej,P,W,,A,,,,,,,,,,
mcq,153,Podstawowym narzędziem do rozpalania ognia w szkoleniu SERE jest?,krzesiwo,zapałki sztormowe,krzemień,,A,,,,,,,,,,
mcq,154,O czym mówi metoda traffic lights w szkoleniu SERE?,"o zachowaniu podczas przesłuchania w zależności od sytuacji: zielona – bezpiecznie, żółta – zagrożenie zdrowia, czerwona – zagrożenie życia",o sposobie oznaczania tras ewakuacji kolorami na mapie,o kolejności nadawania sygnałów świetlnych podczas naprowadzania śmigłowca,o zasadach rozpalania ognia w dzień i w nocy,A,,,,,,,,,,
mcq,155,Jaka substancja nie przyda się do uzdatniania wody metodą chemiczną?,sód,chlor,jod,chloramina,A,,,,,,,,,,
mcq,156,W szkoleniu SERE legenda ma na celu?,"stworzenie spójnej, wcześniej ustalonej historii przykrywkowej stosowanej w przypadku zatrzymania lub przesłuchania, aby chronić prawdziwe informacje o misji",oznaczenie na mapie miejsc ukrycia i punktów poboru wody,opisanie wyposażenia indywidualnego żołnierza podczas izolacji,określenie kolejności działań po odnalezieniu przez siły własne,A,,,,,,,,,,
mcq,157,Kto powinien przejść szkolenie poziomu B w zakresie SERE?,"personel wyznaczony na misję poza terytorium kraju, piloci",wszyscy żołnierze i personel cywilny wojska,personel szczególnie narażony na izolację podczas akcji bojowych,,A,,,,,,,,,,
mcq,158,Szkoleniem SERE poziomu C powinni być objęci?,żołnierze udający się na misję pokojowe poza terytorium kraju,żołnierze i osoby cywilne udający się na misję pokojowe poza terytorium kraju,wszyscy żołnierze i personel cywilny wojska,personel szczególnie narażony na izolację podczas akcji bojowych,D,,,,,,,,,,
mcq,159,Jak należy rozumieć Międzynarodowe Prawo Konfliktów Zbrojnych?,Zbiór przepisów walczących stron o charakterze strategicznym,Zespół norm mających na celu ochronę ofiar konfliktów zbrojnych,Kodeks honorowy walczących żołnierzy,Zbiór przepisów umożliwiających uzyskanie dominacji na polu walki,B,,,,,,,,,,
mcq,160,Komu przysługuje status kombatanta?,"Żołnierzom, partyzantom, powstańcom, pospolitemu ruszeniu","Szpiegom, najemnikom, dywersantom","Żołnierzom, partyzantom, powstańcom, szpiegom","Żołnierzom, partyzantom, powstańcom, kapelanom i lekarzom",A,,,,,,,,,,
mcq,161,Pod jaką władzą znajduje się jeniec wojenny?,Państwa nieprzyjacielskiego,"Żołnierza, który wziął do niewoli",Nieprzyjacielskiego oddziału wojskowego,"Dowódcy oddziału nieprzyjacielskiego, który wziął do niewoli",A,,,,,,,,,,
mcq,162,Jakie organizacje humanitarne o zasięgu międzynarodowym mogą realizować zadania w trakcie działań zbrojnych?,"Czerwony krzyż, krajowe zakłady lecznicze","Czerwony krzyż, czerwony półksiężyc, czerwony romb","Czerwony półksiężyc, spółdzielnie medyczne świadczące usługi dla pacjentów krajowych oraz zagranicznych","Czerwony romb, lekarze prywatnej praktyki oraz zatrudnieni w państwowych klinikach",B,,,,,,,,,,
mcq,163,Jakie obiekty cywilne podlegają ochronie podczas działań zbrojnych?,"Szkoły, przedszkola, budynki mieszkalne, muzea, kościoły, teatry, szpitale, sanatoria","Muzea, kościoły, budynki mieszkalne wykorzystane na zakwaterowanie przez wojsko",Infrastruktura budowlana należąca do szkół i uczelni wojskowych,Zakłady cywilne produkujące sprzęt wojskowy,A,,,,,,,,,,
mcq,164,Jakie zakazy obowiązują walczące strony wobec państw neutralnych podczas działań wojennych?,"Zakaz atakowania obywateli, terytorium, statków powietrznych, morskich i pojazdów lądowych",Zakaz prowadzenia działalności handlowej,Zakaz kupowania uzbrojenia,Zakaz przeprowadzania przez terytorium państwa transportów z osobami chorymi,A,,,,,,,,,,
mcq,165,Jakie środki pola walki zakazane są podczas działań zbrojnych?,"Miny przeciwpiechotne, broń chemiczna, broń biologiczna, broń laserowa, trucizny, pociski rozpłaszczające się lub niewykrywalne promieniami Roentgena","Broń atomowa, termojądrowa, neutronowa","Drony, rakiety do przenoszenia materiałów wybuchowych",Statki podwodne i kosmiczne,A,,,,,,,,,,
mcq,166,Jakie metody walki są zakazane?,"Głodzenie, wiarołomstwo, zadawanie niepotrzebnych cierpień, bezprawne używanie znaków rozpoznawczych organizacji humanitarnych lub pokojowych, niedarowanie życia osobom wyłączonym z walki",Fortele,Podstępy,Rokowania pokojowe,A,,,,,,,,,,
mcq,167,Jakie osoby podlegają bezwzględnej ochronie w działaniach zbrojnych?,"Osoby cywilne, personel duchowny, personel medyczny, medyczne środki transportu, osoby wyłączone z walki, personel pomocy humanitarnej, dziennikarze cywilni",Walczący żołnierze,"Załogi wojskowych statków powietrznych, morskich i pojazdów lądowych",Osoby zatrudnione przy produkcji sprzętu wojskowego,A,,,,,,,,,,
mcq,168,"Czy zmuszanie lub nakłanianie ludności cywilnej do służby wojskowej w siłach zbrojnych przeciwnika, przymusowe przesiedlanie ludności cywilnej z terytoriów okupowanych, deportacja lub przesiedlanie własnej ludności cywilnej na terytorium okupowane, rabunek i branie zakładników podczas działań zbrojnych, to?",Działanie legalne,Działanie nielegalne,Działanie dopuszczalne,Zbrodnia wojenna,D,,,,,,,,,,
mcq,169,Kto może być kombatantem w świetle MPHKZ?,osoba biorąca udział w walkach zbrojnych,osoba przypadkowo znajdująca się na terenie działań zbrojnych,osoba przewidziana do poboru wojskowego,,A,,,,,,,,,,
mcq,170,"Jakie wymogi musi spełniać osoba niebędąca żołnierzem, uczestnicząca w walce zbrojnej, aby uznać ją za kombatanta?","Mieć na czele osobę odpowiedzialną za swych podwładnych, nosić stały i dający się z daleka rozpoznać znak rozpoznawczy, jawnie nosić broń, przestrzegać w swych działaniach praw i zwyczajów wojny",Uczestniczyć w walce obronnej,Walczyć w obronie własnej,,A,,,,,,,,,,
mcq,171,Kto nie może być kombatantem?,"Najemnik, szpieg, dywersant",Dezerter,Żołnierze agresora biorący udział w walce zbrojnej,,A,,,,,,,,,,
mcq,172,Czy pojmany do niewoli żołnierz może być ukarany karą śmierci za ucieczkę z niewoli?,Tak,Nie,Jeżeli zadecyduje o tym dowódca obozu jenieckiego,,B,,,,,,,,,,
mcq,173,"Czy żołnierze przeciwnika wyeliminowani z walki, chorzy, ranni, rozbitkowie, mogą być zabijani, dobijani, traktowani w sposób niehumanitarny?",Tak,Nie,W zależności od decyzji walczących żołnierzy strony przeciwnej,,B,,,,,,,,,,
mcq,174,"Czy można w dowolny sposób atakować osoby cywilne oraz obiekty nieposiadające charakteru wojskowego, np. szpitale, konwoje humanitarne, szkoły?",Tak,Nie,Bez ograniczeń,,B,,,,,,,,,,
mcq,175,Czy wojsko może zastępować władzę sądowniczą w stosunku do osób cywilnych na okupowanym terenie?,Tak,Nie,Od czasu do czasu,,B,,,,,,,,,,
mcq,176,Jakie dobra kultury podlegają ochronie podczas działań zbrojnych?,"Ruchome, np. zbiory muzealne, i nieruchome, np. pomniki, teatry, historyczne budowle",Wyłącznie dobra ruchome,Wyłącznie dobra nieruchome,,A,,,,,,,,,,
mcq,177,Strzelanie rozpoczyna się po podniesieniu jakiego koloru chorągwi na stanowisku dowodzenia kierownika strzelania?,czerwonej,białej,zielonej,,A,,,,,,,,,,
mcq,178,"Przy przekazywaniu broni sobie nawzajem, kategorycznie musimy najpierw?","Rozładować broń i upewnić się, że wylot lufy jest skierowany w bezpieczną stronę","nic nie musimy, wystarczy przekazać",podać punkt do rozkazu,,A,,,,,,,,,,
mcq,179,Reguła BLOS w szkoleniu strzeleckim oznacza?,"Broń – sprawdzenie stanu broni, Lufa – kierunek w bezpieczną stronę, Otoczenie – kontrola otoczenia przed strzałem, Spust – palec poza językiem spustowym do momentu oddania strzału","Bezpieczeństwo – lokalizacja – obserwacja – sygnał, czyli zasady poruszania się po strzelnicy","Broń – lornetka – odległość – stanowisko, czyli kolejność przygotowania do obserwacji celu",Bezpieczne ładowanie oraz obsługa sprzętu podczas marszu,A,,,,,,,,,,
mcq,180,Kto jest odpowiedzialny za przestrzeganie warunków bezpieczeństwa na strzelnicy?,Każdy żołnierz,kierownik zajęć,kierownik strzelania,,A,,,,,,,,,,
mcq,181,Czy dozwolona jest zmiana chwytu ręki lub przekładanie z ręki do ręki granatu uzbrojonego przed rzutem granatem?,NIE. Kategorycznie zabrania się przekładania granatu uzbrojonego z ręki do ręki,TAK. Pod nadzorem kierownika zajęć,TAK. Samodzielnie,,A,,,,,,,,,,
mcq,182,"W celu natychmiastowego przerwania ognia przez wszystkich strzelających, kierownik strzelania podaje przez urządzenia techniczne lub głosem komendę?",Przerwij ogień,Przerwij strzelania,Zakaz strzelania,,A,,,,,,,,,,
mcq,183,Kto i kiedy określa sposób poruszania się po strzelnicy lub obiekcie?,kierownik strzelania – w czasie części wstępnej do zajęć,dowódca plutonu – 3 dni przed zajęciami,kierownik strzelnicy – w czasie przyjazdu wojska na obiekt,obsługa strzelnicy – w czasie trwania zajęć,A,,,,,,,,,,
mcq,184,Czy dopuszczalne jest przewożenie broni załadowanej?,"NIE. Zgodnie z instrukcją PSBS 2024 przewożenie broni załadowanej jest zabronione, o ile nie określają tego inne przepisy",TAK. Dozwolone jest zgodnie z nową instrukcją PSBS 2024,TAK. W każdym wypadku,,A,,,,,,,,,,
mcq,185,Pierwsze czynności podczas kontaktu z bronią?,Sprawdzenie rozładowania broni i stosowanie BLOS,Wyczyszczenie broni i sprawdzenie przyrządów celowniczych,Podłączenie magazynka i odbezpieczenie broni,,A,,,,,,,,,,
mcq,186,Czy konieczne jest podawanie warunków bezpieczeństwa przed strzelaniem?,TAK. zawsze,"NIE. Można pominąć, każdy żołnierz powinien znać","NIE. Można pominąć, jeśli uzna się, że są zbędne",,A,,,,,,,,,,
mcq,187,Host Nation Support to?,"cywilna i wojskowa pomoc, świadczona przez państwo-gospodarza dla sił sojuszniczych i organizacji NATO","pozarządowa pomoc, świadczona przez państwo-gospodarza dla sił sojuszniczych i organizacji NATO","społeczna inicjatywa pomocy, świadczona przez państwo-gospodarza dla sił sojuszniczych i organizacji NATO",działania organów porządku i bezpieczeństwa publicznego,A,,,,,,,,,,
mcq,188,Celem HNS jest udzielenie wsparcia dowódcom NATO oraz państwom wysyłającym swoje siły zbrojne do zadań poza granicami państwa?,we wszystkich stanach stabilności państwa,w okresie pokoju,w sytuacjach kryzysowych,w czasie wojny,A,,,,,,,,,,
mcq,189,Zadania HNS realizowane są we wszystkich stanach stabilności państwa?,przez siły wojskowe i cywilne,przez ochotnicze organizacje paramilitarne,przez społeczeństwo,przez siły i środki obrony cywilnej,A,,,,,,,,,,
mcq,190,Głównym celem realizacji zadań HNS na terenie państwa jest?,ułatwienie wprowadzenia sił Sojuszu do operacji obronnej na terytorium RP,dokonanie analizy możliwości państwa do zadań obronnych,wspomaganie systemu przygotowania obronnego,uporządkowanie procesu planowania kryzysowego,A,,,,,,,,,,
mcq,191,Odpowiedzialność za koordynację w zakresie HNS ponosi?,dowódca odpowiedniego poziomu dowodzenia w strukturze NATO,dowódca zgrupowania operacyjnego,odpowiedni szczebel administracji publicznej państwa wysyłającego,organ decyzyjny w systemie bezpieczeństwa wewnętrznego państwa,A,,,,,,,,,,
mcq,192,Odpowiedzialność za całość spraw dotyczących HNS w państwie ponosi?,Prezes Rady Ministrów,Minister Spraw Wewnętrznych,Minister Aktywów Państwowych,Centrum Rekrutacji Wojskowej,A,,,,,,,,,,
mcq,193,Organem planistyczno-organizacyjnym w sprawach HNS w państwie jest?,MON poprzez Zarząd Logistyki SZ gen WP,Rządowe Centrum Bezpieczeństwa,Komendant Główny PSP,Wojewódzki Komendant Policji,A,,,,,,,,,,
mcq,194,Szef Zarządu Logistyki Sztabu Gen. WP jest pełnomocnikiem MON?,w sprawach HNS w państwie,w sprawach HNS w resorcie obrony narodowej,w sytuacjach kryzysowych,w czasie pokoju,A,,,,,,,,,,
mcq,195,Zadania HNS na poziomie województwa znajdują się w?,Planie operacyjnym funkcjonowania województwa,Strategii rozwoju województwa,Planie ratowniczym na wypadek katastrof,Strategii obronnej państwa,A,,,,,,,,,,
mcq,196,Koordynacja w realizacji zadań HNS pomiędzy siłami zbrojnymi i administracją publiczną odbywa się za pośrednictwem?,Centrum Rekrutacji Wojskowej,Państwowej Straży Pożarnej,Policji,Szefa obrony cywilnej państwa,A,,,,,,,,,,
mcq,197,Co to jest środowisko naturalne?,To obszar otaczający człowieka,"To obszar otaczający człowieka, w którym żyją inni ludzie","To obszar otaczający człowieka, w którym żyją zwierzęta","To obszar otaczający człowieka, w którym żyją inni ludzie, zwierzęta i rośliny",D,,,,,,,,,,
mcq,198,Przeciętne dzienne zużycie wody w Polsce na jednego mieszkańca wynosi?,50 litrów,90 litrów,110 litrów,140 litrów,D,,,,,,,,,,
mcq,199,"Ropa naftowa i jej pochodne zagrażają zanieczyszczeniu wód powierzchniowych, gruntowych, cieków wodnych. Dla ryb ich śmiertelna dawka na litr wody wynosi?",1 g,5 g,8 g,12 g,A,,,,,,,,,,
mcq,200,"Podczas poruszania się pojazdami na poligonach należy przygotować tylko trasę przejazdu, czy również?",omijać tereny podlegające szczególnej ochronie oraz uwzględniać warunki atmosferyczne,wykorzystywać istniejące drogi i wykonywać pojazdami duży promień skrętu,powoli i równomiernie przyspieszać i zwalniać,przestrzegać wszystkich powyższych zasad,D,,,,,,,,,,
mcq,201,Jak powinno się neutralizować w warunkach polowych nieczystości pochodzące z sanitariatów polowych?,sanitariaty powinny być wybudowane z dala od cieków wodnych,nieczystości powinno się zasypywać piaskiem zaraz po zakończeniu ćwiczeń w warunkach polowych,powinno się po zakończeniu ćwiczeń zdezynfekować nieczystości wapnem,"powinno się budować sanitariaty z dala od wody, a pozostałe po ćwiczeniach nieczystości należy zdezynfekować wapnem lub mlekiem wapiennym oraz przykryć warstwą ziemi",D,,,,,,,,,,
mcq,202,"W czasie tankowania pojazdów i statków powietrznych w warunkach polowych, dbając o środowisko naturalne należy?","tylko zwracać uwagę na podłoże, czy jest wybetonowane lub wyasfaltowane i pozwala na szybką neutralizację paliwa i smaru czy oleju",wystarczy nie stosować zasady tankowania do pełna pod korek,dysponować na miejscu materiałami wiążącymi i neutralizującymi paliwa i smary,stosować wszystkie wyżej wymienione procedury,D,,,,,,,,,,
mcq,203,Czy są możliwości ograniczenia zanieczyszczenia powietrza w jednostce wojskowej?,nie dotyczy to wojska,"powinno się dbać o pojazdy służbowe i prywatne, by nie emitowały zanieczyszczeń powyżej ustalonych norm i nie spalać w jednostce wojskowej odpadów",racjonalnie wykorzystywać urządzenia grzewcze,powinno się utrzymywać pojazdy służbowe i prywatne w dobrym stanie technicznym poddając je częstym kontrolom oraz nie spalać w jednostce wojskowej odpadów i racjonalnie wykorzystywać urządzenia grzewcze,D,,,,,,,,,,
mcq,204,Gdzie należy gromadzić w jednostce wojskowej odpady pochodzące z procesu szkolenia?,w wykopanych dołach na terenie jednostki wojskowej lub poligonu,w oznakowanych pojemnikach,w wyznaczonych miejscach w jednostce wojskowej gdzie utylizuje się je na miejscu,"w specjalnie przygotowanych i oznakowanych pojemnikach, workach, koszach i kontenerach przed wywiezieniem do utylizacji w specjalnie do tego przeznaczonych cywilnych zakładach",D,,,,,,,,,,
mcq,205,Dla ochrony środowiska ważne jest również ograniczanie hałasu w jednostce i na poligonie. Długotrwały hałas pochodzący z eksploatacji pojazdów wojskowych może spowodować zaburzenia w środowisku naturalnym i szkodzić zdrowiu żołnierzy. Emisja hałasu pojazdów wojskowych to?,40 decybeli,50 decybeli,70 decybeli,80 decybeli,D,,,,,,,,,,
mcq,206,"Natężenie dźwięku, przy którym doznajemy bólu, czyli granica bólu, np. hałas silnika samolotu odrzutowego podczas startu słyszany z odległości poniżej 100 m, to?",80 decybeli,90 decybeli,100 decybeli,120 decybeli,D,,,,,,,,,,
mcq,207,Jaką procedurę stosuje się po zatrzymaniu pojazdu w miejscu niebezpiecznym?,5 – 25,5 x C,C – IED,EOD,A,,,,,,,,,,
mcq,208,Jaka jest masa ogólna miny przeciwpancernej TM – 62M?,9 kg,"9,5-10 kg",11 kg,"10,5 kg",B,,,,,,,,,,
mcq,209,Jaką procedurę stosuje się w przypadku wykrycia lub podejrzenia podłożenia IED?,5 – 25,EOD,5 x C,C – IED,C,,,,,,,,,,
mcq,210,Co to jest EOD?,improwizowane urządzenie wybuchowe z elementem nieusuwalności,Procedura postępowania w przypadku wykrycia niewybuchu,Pododdział do zwalczania improwizowanych urządzeń wybuchowych,"Ubezpieczenie pododdziałów w celu ich obrony przed obserwacją, ogniem bezpośrednim oraz niespodziewanym atakiem przeciwnika",C,,,,,,,,,,
mcq,211,Materiały wybuchowe według klasyfikacji użytkowej to?,"MW inicjujące, MW burzące, MW miotające, masy pirotechniczne","MW inicjujące, MW kruszące, MW miotające, masy pirotechniczne","MW inicjujące, MW kruszące, MW burzące, masy zapalające","MW inicjujące, MW kruszące, MW miotające, masy promieniujące",B,,,,,,,,,,
mcq,212,Procedura 5xC to?,"check, confirm, clear, cordon and control – sprawdź, potwierdź, oczyść, otocz/zabezpiecz i kontroluj","choose, confirm, clear, cordon and control – wybierz, potwierdź, oczyść, otocz/zabezpiecz i kontroluj","check, cover, clear, cordon and control – sprawdź, osłoń, oczyść, otocz/zabezpiecz i kontroluj","check, confirm, clear, concentrate and control – sprawdź, potwierdź, oczyść, skoncentruj i kontroluj",A,,,,,,,,,,
mcq,213,Czym są materiały wybuchowe?,"Materiałami wybuchowymi nazywamy związki chemiczne, zdolne pod wpływem określonego oddziaływania zewnętrznego do szybkiej przemiany chemicznej połączonej z wydzielaniem silnie nagrzanych oraz sprężonych dużych ilości gazów, które gwałtownie rozprężając się, nie są w stanie wykonać pracy mechanicznej","Materiałami wybuchowymi nazywamy związki chemiczne lub ich mieszaniny, zdolne pod wpływem określonego oddziaływania zewnętrznego do bardzo szybkiej przemiany chemicznej połączonej z wydzielaniem silnie nagrzanych oraz sprężonych dużych ilości gazów, które gwałtownie rozprężając się, są w stanie wykonać pracę mechaniczną","Materiałami wybuchowymi nazywamy mieszaniny, zdolne pod wpływem określonego oddziaływania zewnętrznego do bardzo szybkiej przemiany chemicznej połączonej z wydzielaniem silnie nagrzanych oraz sprężonych dużych ilości związków stałych, które gwałtownie rozprężając się, są w stanie wykonać pracę mechaniczną","Materiałami wybuchowymi nazywamy związki chemiczne lub ich mieszaniny, zdolne pod wpływem określonego oddziaływania wewnętrznego do bardzo szybkiej reakcji chemicznej połączonej z wydzielaniem silnie nagrzanych oraz sprężonych dużych ilości gazów, które gwałtownie rozprężając się, są w stanie wykonać pracę mechaniczną",B,,,,,,,,,,
mcq,214,Gdzie stosujemy materiały wybuchowe inicjujące?,"M.in. w zapalnikach min lądowych i morskich, torpedach i minach morskich, spłonkach pobudzających i zapalnikach elektrycznych, urządzeniach zapalających bomb głębinowych",Tylko w spłonkach amunicji pistoletowej i karabinowej,"Tylko w zapalnikach i zapłonnikach w amunicji armatniej, moździerzowej, głowicach bojowych rakiet itp.",Tylko w zapalnikach do min morskich,A,,,,,,,,,,
mcq,215,Co to jest IED?,"Improvised Explosive Device – improwizowane urządzenie wybuchowe. Jest to urządzenie wykonane w sposób zaplanowany, zawierające szkodliwe, pirotechniczne lub zapalające środki chemiczne przeznaczone do niszczenia, unieszkodliwienia, nękania lub odwracania uwagi","Improvised Explosive Device – improwizowane urządzenie wybuchowe. Jest to urządzenie wykonane w sposób improwizowany, niezawierające materiału wybuchowego i służące jako atrapa","Improvised Explosive Device – improwizowane urządzenie wybuchowe. Jest to ładunek wybuchowy, zaprojektowany i opracowany w celu nękania przeciwnika","Improvised Explosive Device – improwizowane urządzenie wybuchowe. Jest to urządzenie wykonane w sposób improwizowany, zawierające niszczące, śmiertelne, szkodliwe, pirotechniczne lub zapalające środki chemiczne przeznaczone do niszczenia, unieszkodliwienia, nękania lub odwracania uwagi",D,,,,,,,,,,
mcq,216,Co oznacza słowo Control podczas procedury 5xC?,"Ustanów strefę bezpieczeństwa wokół miejsca prawdopodobnego IED celem zminimalizowania zagrożeń oraz izolacji terenu przed przenikaniem osób postronnych, zabezpieczeniem rejonu dla wezwanego EOD jak również zapobieganie odpalenia kierowanego IED","Faza ta obejmuje zastosowanie sprawdzenia miejsca postoju pojazdu z zastosowaniem procedury 5-25m. Wszystkie podejrzane przedmioty i zachowania powinny być natychmiast meldowane do dowódcy patrolu z podaniem lokalizacji – kierunek, odległość, opis przedmiotu i/lub podejrzanego zachowania","Ustanów punkt kontrolny na wjeździe/wejściu do rejonu objętego kordonem i kontroluj ruch odbywający się w rejonie, ustal pozycje blokujące, zawsze przewiduj postępowanie w wypadku ataku przeciwnika podczas zabezpieczania miejsca ustawienia IED","Faza obejmuje potwierdzenie z zachowaniem bezpiecznego dystansu, używając minimalnej liczby żołnierzy do sprawdzenia miejsca określonego jako prawdopodobna lokalizacja IED. Zachowanie odpowiedniej odległości jest najlepszym zabezpieczeniem w razie wybuchu IED",C,,,,,,,,,,
mcq,217,Do „Zabójcy pola walki” nie należą?,Masywne krwotoki,Odma płucna,Oparzenia,Złamania kończyn,C,,,,,,,,,,
mcq,218,Do objawów obstrukcji dróg oddechowych nie należy?,Utrata przytomności,Bełkotanie,Bulgotanie,Niewyczuwalny oddech,B,,,,,,,,,,
mcq,219,Kiedy krwotok nie zagraża życiu?,Obecny jest pulsujący wypływ krwi,Czynny krwotok ustał na skutek wejścia pacjenta we wstrząs,Brak przesiąku przez opatrunek,Masywny krwotok jest niezaopatrzony,C,,,,,,,,,,
mcq,220,Do objawów odmy opłucnowej nie należy?,Spłycony oddech,Bladość/sinica,Prawidłowa akcja serca,Zapadnięte płuco,C,,,,,,,,,,
mcq,221,Do czynników determinujących jakość zabezpieczenia medycznego w trakcie prowadzenia działań operacyjnych nie należy?,Standardy udzielanej pomocy medycznej,Ciągłość zapewnienia opieki medycznej,Ciągłość przeprowadzanych działań operacyjnych,Szybkość udzielenia pierwszej pomocy i rozszerzonej pierwszej pomocy,C,,,,,,,,,,
mcq,222,Czego nie dotyczy zasada 10-1-2?,Pierwsze 10 min dla ratowania życia,Dwie osoby ratujące,Resuscytacja urazowa nie później niż w ciągu 1 godziny od zranienia,"Chirurgia ratunkowa w ciągu 1 godziny, lecz nie później niż 2 godziny od zranienia",B,,,,,,,,,,
mcq,223,Do rodzajów pomocy medycznej w systemie opieki nad poszkodowanym i chorym nie należy?,Pierwsza pomoc,Pomoc laryngologiczna,Kwalifikowana pomoc medyczna,Rozszerzona pierwsza pomoc,B,,,,,,,,,,
mcq,224,Do zapasów materiałowych nie należy?,Broń,Sprzęt medyczny,Środki opatrunkowe,Zestawy chirurgiczne,A,,,,,,,,,,
mcq,225,Działania podejmowane w przypadku hipotermii nie obejmują?,Zapobiegać szybko i zdecydowanie dalszemu spadkowi temperatury ciała,Stopniowo ogrzewać osobę w hipotermii,Szybko schłodzić poszkodowanego,Umieść poszkodowanego w zewnętrznym wodoodpornym śpiworze,C,,,,,,,,,,
mcq,226,Uraz czaszkowo-mózgowy nie jest prowadzony pod kątem?,Szerokości i reakcji źrenic,"SBP, ciśnienie skurczowe, powinno być na poziomie ≤ 90 mmHg",Hipotermii,Pęknięcia podstawy czaszki,B,,,,,,,,,,
mcq,227,Do zasadniczych zadań zabezpieczenia inżynieryjnego nie należy?,Przygotowanie i utrzymanie dróg,Rozśrodkowanie wojsk,Wydobywanie i oczyszczanie wody,,B,,,,,,,,,,
mcq,228,Jakie powinno być maskowanie?,"Ciągłe, różnorodne, odporne na warunki atmosferyczne i wiarygodne","Aktywne, ciągłe, wiarygodne i różnorodne","Dynamiczne, wiarygodne i różnorodne",,B,,,,,,,,,,
mcq,229,Jakie wyróżniamy sposoby ustawiania pól minowych?,"Ręczny, mechaniczny, elektromagnetyczny","Narzutowy, ręczny, mechaniczny","Mechaniczny, narzutowy, elektromagnetyczny",,B,,,,,,,,,,
mcq,230,Mechaniczny sposób wykonania przejścia w polu minowym polega na?,Trałowaniu przejść trałami naciskowymi i wykopowymi w polach minowych,Niszczeniu min falą nadciśnienia powstałą w wyniku wybuchu ładunków materiału wybuchowego,Wyszukaniu min za pomocą wykrywaczy oraz ich usunięcie,,A,,,,,,,,,,
mcq,231,Ze względu na przeznaczenie miny dzielą się na?,"miny przeciwpiechotne, przeciwpancerne, przeciwdesantowe, przeciwtransportowe drogowe, kolejowe, rzeczne, specjalne dywersyjne, miny-pułapki","miny przeciwpiechotne, przeciwpancerne, specjalne","miny ogólnego przeznaczenia, miny dystansowe, miny pułapki",,A,,,,,,,,,,
mcq,232,Wojska inżynieryjne wchodzące w skład Wojsk Lądowych zorganizowane są?,"w brygady: saperów; pułki: drogowo-mostowe, inżynieryjne; pododdziały: saperów, minowania, drogowo-mostowe, pontonowe, przeprawowe, maszyn inżynieryjnych, rozpoznania inżynieryjnego, maskowania, techniczne","w brygady: saperów, pontonowo-mostowe; pułki: saperów, drogowo-mostowe, inżynieryjne; pododdziały: saperów, minowania, drogowo-mostowe, pontonowe, przeprawowe, maszyn inżynieryjnych, rozpoznania inżynieryjnego, maskowania, techniczne, wydobywania i oczyszczania wody, ratownictwa inżynieryjnego","w pułki: saperów, drogowo-mostowe, inżynieryjne; pododdziały: saperów, minowania, drogowo-mostowe, pontonowe, przeprawowe, maszyn inżynieryjnych, rozpoznania inżynieryjnego, maskowania, techniczne, wydobywania i oczyszczania wody, ratownictwa","w pododdziały: saperów, minowania, drogowo-mostowe, pontonowe, przeprawowe, maszyn inżynieryjnych, rozpoznania inżynieryjnego, maskowania, techniczne, wydobywania i oczyszczania wody, ratownictwa inżynieryjnego",C,,,,,,,,,,
mcq,233,Do zadań bezpośredniego wsparcia inżynieryjnego należy zaliczyć?,"Rozpoznanie inżynieryjne, utrzymanie i budowa dróg i przepraw, likwidacja przeszkód, zakładanie i utrzymanie zapór inżynieryjnych, maskowanie i zabezpieczenie pozycji wojsk, wsparcie w forsowaniu przeszkód terenowych",Wyłącznie prowadzenie ewidencji sprzętu inżynieryjnego i sporządzanie meldunków logistycznych,Tylko ochrona stanowisk dowodzenia przed rozpoznaniem przeciwnika,Wyłącznie organizowanie szkolenia teoretycznego z zakresu rozpoznania inżynieryjnego,A,,,,,,,,,,
mcq,234,Zapory inżynieryjne powinny?,"ograniczać ruch wojsk przeciwnika, stwarzać przeciwnikowi trudności w ich rozpoznawaniu i pokonywaniu, zmusić elementy ugrupowania bojowego przeciwnika do skierowania na kierunki i rubieże dogodne do jego zatrzymania i rozbicia, nie ograniczać manewru wojskom własnym, być jak najbardziej wrażliwe na oddziaływanie środków ogniowych przeciwnika i warunków klimatycznych","ograniczać ruch wojsk przeciwnika, nie stwarzać przeciwnikowi trudności w ich rozpoznawaniu i pokonywaniu, zmusić elementy ugrupowania bojowego przeciwnika do skierowania na kierunki i rubieże dogodne do jego zatrzymania i rozbicia, nie ograniczać manewru wojskom własnym, być jak najmniej wrażliwe na oddziaływanie środków ogniowych przeciwnika i warunków klimatycznych","nie ograniczać ruchu wojsk przeciwnika, stwarzać przeciwnikowi trudności w ich rozpoznawaniu i pokonywaniu, zmusić elementy ugrupowania bojowego przeciwnika do skierowania na kierunki i rubieże dogodne do jego zatrzymania i rozbicia, nie ograniczać manewru wojskom własnym, być jak najmniej wrażliwe na oddziaływanie środków ogniowych przeciwnika i warunków klimatycznych","ograniczać ruch wojsk przeciwnika, stwarzać przeciwnikowi trudności w ich rozpoznawaniu i pokonywaniu, zmusić elementy ugrupowania bojowego przeciwnika do skierowania na kierunki i rubieże dogodne do jego zatrzymania i rozbicia, nie ograniczać manewru wojskom własnym, być jak najmniej wrażliwe na oddziaływanie środków ogniowych przeciwnika i warunków klimatycznych",D,,,,,,,,,,
mcq,235,Na jaką komendę żołnierze zapalają lont prochowy zapalnika lontowego?,WYSADZAĆ,MOŻNA STRZELAĆ,OGNIA,,A,,,,,,,,,,
mcq,236,Jakie jest przeznaczenie lontu prochowego?,"Lont prochowy przeznaczony jest do powodowania wybuchu spłonek pobudzających, a tym samym ładunków materiałów wybuchowych sposobem ogniowym. Za pomocą lontu prochowego przenosi się ogień od źródła do spłonki pobudzającej",Lont prochowy służy wyłącznie do oznaczania miejsca założenia ładunku wybuchowego,Lont prochowy służy do mechanicznego rozbrajania min przeciwpancernych,Lont prochowy służy do neutralizacji materiałów wybuchowych przez ich schłodzenie,A,,,,,,,,,,
mcq,237,"Jakie akty prawa regulują zasady wyróżniania żołnierzy i byłych żołnierzy oraz pododdziałów, oddziałów i instytucji wojskowych?",ustawa oraz akty wykonawcze,zwyczaj,decyzje przełożonych,decyzje właściwego zebrania korpusu osobowego,A,,,,,,,,,,
mcq,238,"Jakie akty prawa regulują zasady i sposoby reagowania na naruszenia dyscypliny wojskowej oraz ponoszenia przez żołnierzy odpowiedzialności dyscyplinarnej, jak również tryb postępowania w tych sprawach?",ustawa oraz akty wykonawcze,Regulamin Ogólny SZ RP,decyzje przełożonych,Kodeks Honorowy żołnierza zawodowego Wojska Polskiego,A,,,,,,,,,,
mcq,239,Kto jest zobowiązany do kształtowania dyscypliny wojskowej żołnierzy przez działania profilaktyczno-wychowawcze?,wojskowe służby porządkowe,kolektyw koleżeński,Mąż Zaufania właściwego korpusu osobowego,przełożony,D,,,,,,,,,,
mcq,240,Kto jest zobowiązany do kształtowania dyscypliny wojskowej żołnierzy przez tworzenie warunków do wyróżniania i przestrzegania dyscypliny wojskowej oraz reagowania na zachowania naruszające dyscyplinę wojskową?,wojskowe służby porządkowe,kolektyw koleżeński,każdy żołnierz,przełożony,D,,,,,,,,,,
mcq,241,Za jaki czyn żołnierz ponosi odpowiedzialność dyscyplinarną?,przewinienie dyscyplinarne,wykroczenie,przestępstwo określone w Kodeksie karnym,w sprawach objętych Kodeksem Honorowym żołnierza zawodowego Wojska Polskiego,A,,,,,,,,,,
mcq,242,Co to jest dyscyplina wojskowa?,przestrzeganie reguł koleżeńskich w wojsku,przestrzeganie przez żołnierza przepisów prawa dotyczących służby wojskowej i innych przepisów prawa przewidujących odpowiedzialność dyscyplinarną na zasadach i w trybie określonych w ustawie oraz wykonywanie rozkazów i decyzji wydanych w sprawach służbowych,przestrzeganie reguł moralnych,przestrzeganie norm prawa w wojsku,B,,,,,,,,,,
mcq,243,Kto jest przełożonym dyscyplinarnym w Wojsku Polskim w stosunku do wszystkich żołnierzy?,Szef Sztabu Generalnego,Dowódca Rodzajów Wojsk,Marszałek Sejmu,Minister Obrony Narodowej i Naczelny Dowódca Sił Zbrojnych,D,,,,,,,,,,
mcq,244,Karami dyscyplinarnymi nie są?,upomnienie,nagana,kara dyscyplinarna,zobowiązanie do przeproszenia pokrzywdzonego,D,,,,,,,,,,
mcq,245,Środkami dyscyplinarnymi nie są?,zobowiązanie do przeproszenia pokrzywdzonego,zobowiązanie do wykonywania dodatkowych zadań służbowych,zobowiązanie do naprawienia wyrządzonej szkody,niedopuszczenie do wykonywania czynności służbowych,D,,,,,,,,,,
mcq,246,Dyscyplinarnymi środkami zapobiegawczymi nie są?,niedopuszczenie do wykonywania czynności służbowych,osadzenie w izbie zatrzymań,zawieszenie w czynnościach służbowych,zobowiązanie do przeproszenia pokrzywdzonego,D,,,,,,,,,,
mcq,247,"Autorzy Kodeksu Honorowego żołnierza zawodowego Wojska Polskiego jako wykładnię jego treści przyjęli zasady z etyki wojskowej jak i etyki walki zbrojnej, należących do?",jednej z najstarszych etyk specjalnych,współczesnych etyk specjalnych,etyk tworzonych na zapotrzebowanie konkretnego konfliktu zbrojnego,Kodeksu honorowego Boziewicza,A,,,,,,,,,,
mcq,248,Czy w Kodeksie Honorowym żołnierza zawodowego Wojska Polskiego podstawy powinności żołnierskich określają?,Konstytucja Rzeczypospolitej Polskiej,Ustawa o służbie wojskowej żołnierzy zawodowych,Zapisy Regulaminu Ogólnego Sił Zbrojnych,Konstytucja Rzeczypospolitej Polskiej i ustawa o służbie wojskowej żołnierzy zawodowych,D,,,,,,,,,,
mcq,249,"Kto jest autorem przedwojennej broszury Oficer polski, której lekturę zaleca się dowódcom do wykorzystania w działalności dowódczo-wychowawczej?",gen. Kazimierz Sosnkowski,gen. Józef Haller,gen. Władysław Sikorski,Tadeusz Hołówko,D,,,,,,,,,,
mcq,250,"Jak brzmi nazwa przedwojennego dokumentu Szkoły Podchorążych Lotnictwa, swoistego zapisu kodeksu honorowego podchorążych?",Kodeks podchorążego Szkoły Lotniczej,Zasady postępowania podchorążego Szkoły Podchorążych Lotnictwa,10 przykazań podchorążego,12 PRZYKAZAŃ PODCHORĄŻEGO,D,,,,,,,,,,
mcq,251,W 1990 roku został przyjęty przez społeczność podchorążych lotniczej uczelni w Dęblinie nowy kodeks postępowania. Jak brzmi jego tytuł?,Kodeks Honorowy Podchorążych Szkoły Orląt,Przykazania Podchorążego Szkoły Orląt,20 Przykazań podchorążego Szkoły Orląt,Zasady postępowania podchorążego Szkoły Orląt,A,,,,,,,,,,
mcq,252,"Wyjątkowy charakter działań zbrojnych, w których są ranni i zabici, nakłada na żołnierzy bezwzględny obowiązek?",powstrzymywania się przed okrucieństwem i bestialstwem,powstrzymanie się przed haniebnym zachowaniem wobec nieprzyjaciela,powstrzymanie się przed haniebnym zachowaniem wobec jego ludności cywilnej,powstrzymanie się przed złamaniem powyższych zasad jako podstawowego imperatywu etycznego niosącego ze sobą w przyszłości cały bagaż dotkliwych skutków prawnych i moralnych,D,,,,,,,,,,
mcq,253,Podstawowym celem etyki walki zbrojnej jest?,"kształtowanie i wzmacnianie moralnie pozytywnych postaw i zachowań żołnierzy, takich jak męstwo, ofiarność i poświęcenie","eliminacja i przezwyciężanie zwątpień, tchórzostwa",eliminacja i przezwyciężanie dezercji,"kształtowanie wyżej wymienionych wartości oraz poczucia moralnego, powstrzymującego żołnierza od rzezi bezbronnych, grabieży, gwałtów, bezmyślnego niszczenia mienia",D,,,,,,,,,,
mcq,254,"W Kodeksie Honorowym żołnierza zawodowego Wojska Polskiego zapisano, że w trakcie walki zbrojnej żołnierz ma przestrzegać norm międzynarodowego prawa humanitarnego konfliktów zbrojnych. Jak brzmi tytuł rozdziału, w którym ujęto te zapisy?",Żołnierz zawodowy w sytuacjach bojowych,Żołnierz w walce,Żołnierz zawodowy w konflikcie zbrojnym,Żołnierz zawodowy na polu walki,A,,,,,,,,,,
mcq,255,"Dzielność żołnierza, potocznie utożsamiana jest z jego sprawnością bojową wykazywaną w walce zbrojnej. W dzielnym postępowaniu na polu walki żołnierz winien kierować się między innymi zasadami?",szlachetności i adekwatności środków,humanitaryzmu i odpowiedzialności,przestrzeganiem międzynarodowego prawa humanitarnego konfliktów zbrojnych,wszystkimi wyżej wymienionymi,D,,,,,,,,,,
mcq,256,Czy w Kodeksie Honorowym żołnierza zawodowego Wojska Polskiego przyjęto określone zasady postępowania w sprawach naruszania honoru i godności?,"Tak, jest ona opisana w rozdziale o Postępowaniu w sprawach honorowych","Nie, jest ona opisana w Regulaminie ogólnym SZ RP","Nie, jest ona każdorazowo ustalana przez Męża Zaufania właściwego korpusu osobowego","W Kodeksie Honorowym żołnierza zawodowego Wojska Polskiego zapisano, że taką procedurę przyjmuje zebranie korpusu osobowego właściwe dla żołnierza",A,,,,,,,,,,
mcq,257,"Tebańczycy dowodzeni przez Epaminondasa pokonali Spartan w bitwie pod Leuktrami w sierpniu 371 r. p.n.e., a zapewnili sobie zwycięstwo zastosowanymi sposobami walki zwanymi później zasadami sztuki wojennej?",stosując zaskoczenie w uszykowaniu wojska do walki,"koncentracją znacznych sił na jednym ze skrzydeł, zaskakując tym Spartan",wprowadzeniem manewru dla części sił swojej falangi,"łącząc zaskoczenie Spartan z manewrowością oddziałów hoplitów, wprowadzając ustawienie swoich wojsk w szyku skośnym, koncentrując znaczne siły na jednym ze skrzydeł",D,,,,,,,,,,
mcq,258,"Manewr kanneński zastosowany przez kartagińskiego wodza Hannibala 2 VIII 216 r. p.n.e. to taktyczne okrążenie przeciwnika, czyli legionów rzymskich, w celu ich zniszczenia przy wykorzystaniu swoich mniejszych sił i był możliwy dzięki zastosowaniu przez niego zasad sztuki wojennej?","zaskoczenie przeciwnika zastosowaną ekonomią użycia swoich dwukrotnie mniejszych sił, poprzez wprowadzenie dużej manewrowości wojsk, utrzymanie na skrzydłach silnych zgrupowań ciężkiej piechoty, cofanie lekkiej piechoty w centrum i zsynchronizowane uderzenie kawalerii prowadzące do okrążenia Rzymian",zastosowaniem zmasowanego uderzenia ciężkiej i lekkiej piechoty wspieranej kawalerią na skrzydła wojsk rzymskich,zaskoczenie przeciwnika uderzeniem kawalerii w jego centrum przy zsynchronizowanym działaniu piechoty na skrzydłach,zaskoczenie Rzymian w centrum atakiem lekkiej piechoty walczącej w szyku rozproszonym oraz zaatakowaniem na skrzydle zgrupowaniem ciężkiej piechoty kartagińskiej ustawionej w szyku skośnym,A,,,,,,,,,,
mcq,259,O zwycięstwie Hetmana Jana Karola Chodkiewicza 27 września 1605 r. pod Kircholmem nad wojskami szwedzkimi zdecydowała?,przewaga liczebna wojsk polskich i litewskich,siła ognia polsko-litewskiej artylerii,siła uderzenia husarii,"zastosowanie przez Hetmana Chodkiewicza zasady ekonomii sił oraz elementu zaskoczenia wojsk szwedzkich wysoką manewrowością ciężkiej jazdy, czyli husarii i ciągła inicjatywa w prowadzeniu wyprzedzających uderzeń jazdy polsko-litewskiej na skrzydła oddziałów szwedzkich",D,,,,,,,,,,
mcq,260,Stare urządzenie polskie to?,zbroja polskiego piechura w XVI wieku,ciężka zbroja polskiego jeźdźca w XVII wieku,fragment fortyfikacji na Podolu,szyk bojowy jazdy polskiej stosowany od połowy XV do połowy XVI wieku,D,,,,,,,,,,
mcq,261,"Wielkim zaskoczeniem dla Rosjan w Bitwie o Warszawę stoczonej w dniach 13-25 sierpnia było natarcie manewrowej grupy uderzeniowej, którą dowodził Józef Piłsudski. Uderzenie skoncentrowanych wojsk polskich w dniu 16 sierpnia 1920 r. miało miejsce znad?",Wieprza,Wisły,Narwi,Niemna,A,,,,,,,,,,
mcq,262,"W wojnie z Rosją Sowiecką w latach 1919-1920 świeżo sformowane polskie lotnictwo wojskowe wykonywało zadania rozpoznania powietrznego, utrzymania łączności między dowództwami wojsk lądowych, bombardowania i ostrzeliwania z broni pokładowej przeciwnika. Liczyło ono?",25 eskadr,17 eskadr,10 eskadr,20 eskadr,D,,,,,,,,,,
mcq,263,W październiku 1926 r. w Sztabie Generalnym zdecydowano o sformowaniu w polskim lotnictwie wojskowym eskadr nowego rodzaju lotnictwa?,liniowego,rozpoznawczego,szturmowego,towarzyszącego,D,,,,,,,,,,
mcq,264,"W polskim Regulaminie Lotnictwa z 1931 roku ustalono, że można wykonywać zadania grupą samolotów zwaną rojem. Liczebność tej formacji to?",4-9 samolotów,2-3 samoloty,3-4 samoloty,4-12 samolotów,A,,,,,,,,,,
mcq,265,Polskie Siły Powietrzne na Zachodzie w latach 1943-1945 miały na wyposażeniu najnowocześniejsze samoloty II wojny światowej produkcji brytyjskiej i amerykańskiej. W jakiej ilości?,150 samolotów,220 samolotów,200 samolotów,300 samolotów,D,,,,,,,,,,
mcq,266,Najdłużej eksploatowanym samolotem w polskim szkolnictwie lotniczym był?,PWS-26,RWD-8,Lim-2,TS-11 Iskra,D,,,,,,,,,,
mcq,267,Manewr kanneński zastosowany 2 VIII 216 r. p.n.e. był dziełem?,Hannibala,Juliusza Cezara,Aleksandra Macedońskiego,Scypiona Afrykańskiego,A,,,,,,,,,,
mcq,268,Hetman wielki koronny Jan Sobieski został wybrany w 1674 r. królem Polski między innymi pod wpływem?,swojego zwycięstwa w bitwie z Turkami pod Chocimiem w 1673 r.,zwycięstwa pod Grunwaldem,zawarcia pokoju w Oliwie,zwycięstwa pod Kircholmem,A,,,,,,,,,,
mcq,269,"Szarża 1 Pułku Szwoleżerów Gwardii Cesarskiej przeprowadzona 30 XI 1808 r. na przełęcz Somosierra polegała na tym, że?","125 polskich szwoleżerów z 1. Pułku Szwoleżerów Gwardii Cesarskiej pod dowództwem Jana Leona Kozietulskiego dokonało brawurowego ataku na silnie bronioną przełęcz Somosierra, otwierając Napoleonowi drogę do Madrytu",polscy ułani zdobyli most pod Lipskiem podczas odwrotu Wielkiej Armii,piechota polska zdobyła twierdzę Saragossa bez udziału kawalerii,oddziały polskie przeprowadziły obronę przełęczy przed armią Napoleona,A,,,,,,,,,,
mcq,270,Termin branka przeszedł do historii jako określenie?,"przymusowego poboru młodych Polaków do armii rosyjskiej, przeprowadzonego w Królestwie Polskim w nocy z 14 na 15 stycznia 1863 roku",dobrowolnego zaciągu do Legionów Polskich w 1914 roku,poboru rekrutów do armii Księstwa Warszawskiego,przymusowego wysiedlenia ludności po powstaniu listopadowym,A,,,,,,,,,,
mcq,271,Najkrwawsza bitwa I wojny światowej rozegrała się pod?,Sommą,Verdun,Tannenbergiem,Ypres,A,,,,,,,,,,
mcq,272,Miano Polskie Termopile Kampanii 1939 r. nadano?,Bitwie pod Wizną,Bitwie nad Bzurą,Obronie Westerplatte,Bitwie pod Kockiem,A,,,,,,,,,,
mcq,273,Ten wybitny polski pilot nie był dowódcą Dywizjonu 303?,Stanisław Skalski,Witold Urbanowicz,Zdzisław Krasnodębski,Ronald Kellett,A,,,,,,,,,,
mcq,274,Cichociemnymi nazywano?,"żołnierzy konspiracyjnej Armii Krajowej w służbie specjalnej, służących w strukturach wojskowych Polskiego Państwa Podziemnego",pilotów Dywizjonu 303 walczących w Bitwie o Anglię,żołnierzy piechoty morskiej walczących pod Narwikiem,ochotników walczących w Legionach Polskich,A,,,,,,,,,,
mcq,275,W czasie Powstania Warszawskiego Niemcy dokonali masowych mordów ludności cywilnej na?,Woli,Pradze,Żoliborzu,Mokotowie,A,,,,,,,,,,
mcq,276,W 1952 r. płk pil. Szczepan Ścibior został skazany na śmierć przez?,Najwyższy Sąd Wojskowy pod przewodnictwem płk. Piotra Parzenieckiego,Sąd Najwyższy II Rzeczypospolitej,Trybunał Wojskowy w Norymberdze,Wojskowy Sąd Rejonowy w Londynie,A,,,,,,,,,,
mcq,277,Wymień podstawowy akt prawny normujący ochronę informacji niejawnych w RP.,Ustawa z dnia 5 sierpnia 2012 r. o ochronie informacji niejawnych,Ustawa z dnia 5 sierpnia 2010 r. o ochronie informacji niejawnych,Ustawa z dnia 15 sierpnia 2010 r. o ochronie informacji niejawnych,,B,,,,,,,,,,
mcq,278,"Zgodnie z ustawą o ochronie informacji niejawnych, przepisy ustawy nie mają zastosowania do?","informacji niejawnych obcych państw i organizacji międzynarodowych, jeśli inaczej stanowią umowy międzynarodowe",wyłącznie informacji jawnych przetwarzanych w jednostkach wojskowych,wszystkich dokumentów wytwarzanych przez administrację publiczną,informacji przekazywanych ustnie między żołnierzami,A,,,,,,,,,,
mcq,279,"Zgodnie z ustawą o ochronie informacji niejawnych, w stosunkach międzynarodowych funkcję krajowej władzy bezpieczeństwa pełni?",Szef ABW,Minister Obrony Narodowej,Szef BBN,Prezydent Rzeczypospolitej Polskiej,A,,,,,,,,,,
mcq,280,Klauzulę tajności dokumentu lub oznaczenia innego niż dokument materiału nadaje?,Kierownik kancelarii tajnej w jednostce organizacyjnej,Pełnomocnik ds. ochrony informacji niejawnych w danej jednostce organizacyjnej,"Osoba, która jest upoważniona do podpisania dokumentu lub oznaczenia innego niż dokument materiału",,C,,,,,,,,,,
mcq,281,"Za ochronę informacji niejawnych w jednostce organizacyjnej, w której są przetwarzane informacje niejawne odpowiada?",kierownik jednostki organizacyjnej,Pełnomocnik ds. ochrony informacji niejawnych,Kierownik kancelarii tajnej w danej jednostce organizacyjnej,,A,,,,,,,,,,
mcq,282,Dopuszczenie do pracy lub pełnienia służby na stanowiskach albo zlecenie prac związanych z dostępem danej osoby do informacji niejawnych o klauzuli ZASTRZEŻONE może nastąpić po?,przeprowadzeniu zwykłego postępowania sprawdzającego na polecenie kierownika jednostki organizacyjnej oraz odbyciu szkolenia w zakresie ochrony informacji niejawnych,"pisemnym upoważnieniu przez kierownika jednostki organizacyjnej, jeżeli nie posiada ona poświadczenia bezpieczeństwa oraz odbyciu szkolenia w zakresie ochrony informacji niejawnych",przeprowadzeniu poszerzonego postępowania sprawdzającego na polecenie kierownika jednostki organizacyjnej oraz odbyciu szkolenia w zakresie ochrony informacji niejawnych,Do klauzuli ZASTRZEŻONE nie musi mieć,B,,,,,,,,,,
mcq,283,Wniosek o przeprowadzenie kolejnego postępowania sprawdzającego wraz z ankietą bezpieczeństwa powinien zostać złożony przed upływem terminu ważności poświadczenia bezpieczeństwa na?,3 miesiące,6 miesięcy,1 miesiąc,,B,,,,,,,,,,
mcq,284,"Kierownik jednostki organizacyjnej ma obowiązek utworzyć Kancelarię Tajną w jednostce, w której przetwarzane są informacje?",tajne i ściśle tajne,poufne,poufne i zastrzeżone,,A,,,,,,,,,,
mcq,285,ABW lub SKW udziela akredytacji bezpieczeństwa teleinformatycznego dla systemu teleinformatycznego przeznaczonego do przetwarzania informacji niejawnych o klauzuli?,wszystkich systemów niejawnych,zastrzeżone,poufne lub wyższej,tajne lub wyżej,C,,,,,,,,,,
mcq,286,"Wybierz prawidłowe, polskie odpowiedniki klauzul tajności obowiązujące w NATO i Unii Europejskiej.",NATO RESTRICTED / EU RESTRICTED – POUFNE; NATO CONFIDENTIAL / EU CONFIDENTIAL – ŚCIŚLE TAJNE; NATO SECRET / EU SECRET – ZASTRZEŻONE; TOP SECRET / EU TOP SECRET – TAJNE,NATO RESTRICTED / EU RESTRICTED – ŚCIŚLE TAJNE; NATO CONFIDENTIAL / EU CONFIDENTIAL – TAJNE; NATO SECRET / EU SECRET – POUFNE; TOP SECRET / EU TOP SECRET – ZASTRZEŻONE,NATO RESTRICTED / EU RESTRICTED – TAJNE; NATO CONFIDENTIAL / EU CONFIDENTIAL – ZASTRZEŻONE; NATO SECRET / EU SECRET – ŚCIŚLE TAJNE; TOP SECRET / EU TOP SECRET – POUFNE,NATO RESTRICTED / EU RESTRICTED – ZASTRZEŻONE; NATO CONFIDENTIAL / EU CONFIDENTIAL – POUFNE; NATO SECRET / EU SECRET – TAJNE; TOP SECRET / EU TOP SECRET – ŚCIŚLE TAJNE,D,,,,,,,,,,
mcq,287,Zestawienie zadań mobilizacyjnych obejmuje?,"czas mobilizacji, numer mobilizacyjny jednostki wojskowej, rozwijane elementy bazy mobilizacyjnej","czas mobilizacji, numer etatu, podporządkowanie","czas mobilizacji, numer mobilizacyjny jednostki wojskowej, wielkość etatowych potrzeb mobilizacyjnych",,B,,,,,,,,,,
mcq,288,Siły Wysokiej Gotowości obejmują następującą liczbę kategorii gotowości?,6,8,9,,B,,,,,,,,,,
mcq,289,Gotowość do przyjęcia Sojuszniczych Sił Wzmocnienia utrzymuje się najwcześniej w?,Stałej Gotowości bojowej SZ RP,Podwyższonej Gotowości bojowej SZ RP,Pełnej Gotowości bojowej SZ RP,,A,,,,,,,,,,
mcq,290,Strukturę etatowych potrzeb mobilizacyjnych tworzą?,"uzupełnienie zasadnicze, mobilizacyjne uzupełnienie wakatów oraz mobilizacyjne uzupełnienie żołnierzy NSR",uzupełnienie zasadnicze z uwzględnieniem wydzielanych i otrzymanych zalążków,grupa zabezpieczenia ukompletowania z uwzględnieniem wydzielanych i otrzymanych zalążków,,B,,,,,,,,,,
mcq,291,"Jednostki wojskowe o czasie mobilizacji M-3, uzupełnienie żołnierzy rezerwy w ramach uzupełnienia zasadniczego realizują w?",pierwszej dobie mobilizacyjnego rozwinięcia,drugiej dobie mobilizacyjnego rozwinięcia,trzeciej dobie mobilizacyjnego rozwinięcia,,B,,,,,,,,,,
mcq,292,"Dyżurna Służba Operacyjna związku taktycznego, skrzydło, jest zaszeregowana do ośrodka alarmowania?",grupa 2,grupa 3,grupa 5,grupa 1,A,,,,,,,,,,
mcq,293,Struktura ponadetatowych potrzeb mobilizacyjnych obejmuje?,"uzupełnienie zasadnicze, grupę zabezpieczenia ukompletowania","mobilizacyjne uzupełnienie wakatów, grupę zabezpieczenia ukompletowania",grupę zabezpieczenia ukompletowania,,C,,,,,,,,,,
mcq,294,Decyzję do wprowadzenia określonego stanu gotowości bojowej w SZ RP wydaje?,Prezydent RP,Szef Sztabu Generalnego WP,Minister Obrony Narodowej,,C,,,,,,,,,,
mcq,295,"Zasadniczy tryb powołania uzupełnień mobilizacyjnych, dotyczących JW ukompletowanej stanem osobowym poniżej 90%, realizowany jest siłami?",AK JW,AK TOAW,AK AP,,C,,,,,,,,,,
mcq,296,Dyżury bojowe i ratownicze w SZ RP pełni się w?,Podwyższonej Gotowości bojowej SZ RP,Pełnej Gotowości bojowej SZ RP,w każdym stanie gotowości bojowej,,C,,,,,,,,,,
mcq,297,Jakie stany gotowości bojowej obowiązują w siłach zbrojnych?,"stała gotowość bojowa, pełna gotowość bojowa","stała gotowość bojowa, podwyższona gotowość bojowa, pełna gotowość bojowa","stała gotowość bojowa, podwyższona gotowość bojowa, wzmożona gotowość bojowa, pełna gotowość bojowa",,A,,,,,,,,,,
mcq,298,Co oznacza litera Z?,czas osiągnięcia gotowości do podjęcia działań,czas osiągania gotowości do podjęcia działań,termin osiągnięcia gotowości do podjęcia działań,,B,,,,,,,,,,
mcq,299,Zapasy zgromadzone w siłach zbrojnych dzielą się na:,zapasy użytku bieżącego oraz zapasy wojenne,"zapasy taktyczne, zapasy operacyjne, zapasy strategiczne","zapasy użytku bieżącego, zapasy operacyjne, zapasy strategiczne",,A,,,,,,,,,,
mcq,300,"Zadania mobilizacyjne JW istniejącej w czasie P, która ma funkcjonować także w czasie W dotyczą:",uzupełnienia potrzeb mobilizacyjnych,sformowania,"sformowania, rozformowania",,A,,,,,,,,,,
mcq,301,Rozkaz Dowódcy JW w sprawie gotowości mobilizacyjnej i bojowej opracowuje:,Szef Sztabu JW,Zespół wyznaczony rozkazem Dowódcy JW,Szef Sekcji Operacyjnej JW,,B,,,,,,,,,,
mcq,302,Nabój pistoletowy składa się z?,"Łuska, pocisk, spłonka, kowadełko, otwory zapałowe, ładunek prochowy","Rdzeń stalowy, spłonka, kryza, dno","Ładunek prochowy, szyjka łuski, stożek przejściowy",,A,,,,,,,,,,
mcq,303,Rodzaj ładunku kruszącego w granacie F-1?,Nitrogliceryna,Trotyl,Heksogen,,B,,,,,,,,,,
mcq,304,Waga ładunku kruszącego w granacie RG-42?,60g,220g,120g,,C,,,,,,,,,,
mcq,305,Czas zwłoki zapalnika UZRGM?,"3,2 – 4s","3,4 – 4,2s","3,0 – 4,5s",,A,,,,,,,,,,
mcq,306,Ile wynosi jednostka ognia w pistolecie P-83?,8szt.,16szt.,14szt.,,B,,,,,,,,,,
mcq,307,Co oznacza skrót UZRGM?,Uzbrojony Zapalnik Ręcznych Granatów Miotających,Uzbrojony Zapalnik Ręcznych Granatów Modernizowany,Uniwersalny Zapalnik Ręcznych Granatów Modernizowany,,C,,,,,,,,,,
mcq,308,Jaką stosuje się amunicję w pistolecie P-83?,9 x 18mm Makarow,9 x 19 mm Parabellum,9 x 20 mm Wanad,,A,,,,,,,,,,
mcq,309,Długość lufy pistoletu Vis 100 wynosi?,110mm,120mm,125mm,,A,,,,,,,,,,
mcq,310,Pojemność magazynka pistoletu Vis 100 wynosi?,15szt. lub 17szt. w zależności od rodzaju magazynka,16szt.,17szt.,,A,,,,,,,,,,
mcq,311,Jaki jest kaliber Karabinka GROT?,"5,56 mm oraz 7,62 mm, wymienna lufa","Tylko 5,56 mm","5,56 mm oraz 9x18 Makarow",,A,,,,,,,,,,
mcq,312,Kogo wyznacza się do przestrzeliwania karabinu wyborowego?,Najlepszego strzelca pododdziału,"Żołnierza, któremu broń została przydzielona",Szefa pododdziału,,B,,,,,,,,,,
mcq,313,Od czego zależy tor lotu pocisku?,Masy i kalibru pocisku,Kąta nachylenia i prędkości początkowej pocisku,Kalibru i prędkości początkowej pocisku,,B,,,,,,,,,,
mcq,314,Kto odpowiada za przestrzeganie zasad i warunków bezpieczeństwa podczas zajęć ze szkolenia strzeleckiego oraz rzutu granatem ręcznym?,Kierownik strzelania,Każdy żołnierz,Wyznaczeni obserwatorzy,,B,,,,,,,,,,
mcq,315,Cztery zasady bezpiecznego posługiwania się z bronią to?,"B – broń, L – lufa, O – oko, S – spust","B – broń, L – luneta, O – oko, S – spust","B – broń, L – lufa, O – otoczenie, S – spust",,C,,,,,,,,,,
mcq,316,Co oznacza skrót PSBS?,Podstawowe Strzelania z Broni Strzeleckiej,Program Szkolenia z Broni Strzeleckiej,Program Strzelań z Broni Strzeleckiej,,C,,,,,,,,,,
mcq,317,Czy zapalniki UZRGM oraz granaty F1 i RG-42 mogą być przewożone razem w jednej skrzyni transportowej?,Nie,Tak,nie ma znaczenia,,A,,,,,,,,,,
mcq,318,Co musi żołnierz strzelający mieć założone/ubrane po sygnale-komendzie „uwaga strzelanie”?,Ochronniki słuchu i okulary ochronne,pas taktyczny,okulary ochronne,,A,,,,,,,,,,
mcq,319,"Jakiego koloru musi być wywieszona chorągiew, a w nocy zapalone światło, aby móc strzelać?","Czerwona chorągiew, a w nocy zapalone czerwone światło","biała chorągiew, a w nocy zapalone białe światło","zielona chorągiew, a w nocy zapalone zielone światło",,A,,,,,,,,,,
mcq,320,Ile wynosi promień rażenia granatu F1?,do 200m,do 1000m,do 45m,,A,,,,,,,,,,
mcq,321,Radiostacja składa się z?,"nadajnika, odbiornika, anteny","nadajnika, odbiornika, anteny, obsługi",nadajnika i odbiornika pracujących na różnych pasmach częstotliwości,,A,,,,,,,,,,
mcq,322,Czy łączność przewodowa jest podstawowym rodzajem łączności w pododdziale?,Nie jest. Podstawowym rodzajem łączności jest łączność radiowa,Jest,Nie jest. Podstawowym rodzajem łączności jest łączność satelitarna,,B,,,,,,,,,,
mcq,323,Kiedy łączność radiową uznajemy za nawiązaną?,"kiedy występuje wywołanie, odpowiedź na wywołanie i potwierdzenie uzyskanej odpowiedzi","kiedy występuje wywołanie, odpowiedź na wywołanie i potwierdzenie uzyskanej odpowiedzi z podaniem słyszalności","kiedy występuje wywołanie, odpowiedź na wywołanie",,A,,,,,,,,,,
mcq,324,Sieć radiowa to?,praca trzech korespondentów,praca co najmniej trzech korespondentów,praca dwóch korespondentów,praca dowolnej liczby korespondentów,B,,,,,,,,,,
mcq,325,W radiostacji R-3501 stosuje się anteny?,"antena taśmowa 0,9 m lub antena krótka 0,45 m, anteny: długa, średnia i krótka",wyłącznie antena satelitarna kierunkowa,wyłącznie antena przewodowa rozwijana na ziemi,antena radarowa dalekiego zasięgu,A,,,,,,,,,,
mcq,326,Jakie zjawisko jest wykorzystywane w dalekosiężnej łączności w paśmie HF?,odbicie fali przestrzennej od jonosfery,odbicie fali przestrzennej od troposfery,minimalne tłumienie fali przyziemnej,,A,,,,,,,,,,
mcq,327,Czułość odbiornika radiokomunikacyjnego jest określana w?,miliwatach,mikrowoltach,miliamperach,,B,,,,,,,,,,
mcq,328,Istota łączności simpleksowej polega na?,jednoczesnym nadawaniu i odbiorze na różnych częstotliwościach,pracy na nadawanie tylko jednego korespondenta w danym czasie na jednej częstotliwości,"nadawaniu na jednej, a odbiorze korespondencji na innej częstotliwości",pracy na nadawanie wszystkich jednocześnie na jednej częstotliwości,B,,,,,,,,,,
mcq,329,Od czego zależy zasięg łączności radiowej VHF?,"od przydzielonej częstotliwości, pory doby i warunków propagacji","od optycznej widzialności anten, mocy nadajnika, czułości odbiornika, warunków propagacji",od typu posiadanej radiostacji,,B,,,,,,,,,,
mcq,330,Zaletą łączności przewodowej jest?,odporność na oddziaływanie przeciwnika,szybkość nawiązania połączenia,"dobra jakość łączności, naturalna skrytość",szybkość budowy linii telefonicznych,C,,,,,,,,,,
mcq,331,Kto jest przełożonym wszystkich żołnierzy?,"Prezydent RP, Minister Obrony Narodowej, Marszałek Sejmu","Prezydent RP, Prezes Rady Ministrów i Minister Obrony Narodowej",Prezydent RP i Minister Obrony Narodowej,,B,,,,,,,,,,
mcq,332,Komu Dyżurny pododdziału melduje fakt zdania i objęcia służby?,dowódcy pododdziału i oficerowi dyżurnemu jednostki lub instytucji wojskowej,bezpośredniemu przełożonemu,oficerowi dyżurnemu jednostki lub instytucji wojskowej,,A,,,,,,,,,,
mcq,333,Wskaż poprawną formę meldunku podczas pełnienia służby dyżurnej – w czasie pierwszego przybycia przełożonego w danym dniu?,"Kompania, Baczność! Panie stopień wojskowy przełożonego, dyżurny Kompanii nazwa kompanii szer. Nowak, melduje kompanię podczas realizacji porządku dnia. W czasie pełnienia służby nic ważnego nie wydarzyło się albo melduje, co się wydarzyło","Drużyna, Baczność! Panie stopień wojskowy przełożonego, melduje kompanię podczas realizacji porządku dnia. W czasie pełnienia służby nic ważnego nie wydarzyło się albo melduje, co się wydarzyło","Kompania, Baczność! Panie stopień wojskowy przełożonego, dyżurny Kompanii nazwa kompanii szer. Nowak, melduje kompanię w czasie realizacji porządku dnia. Podczas pełnienia służby nic ważnego nie wydarzyło się albo melduje, co się wydarzyło",,A,,,,,,,,,,
mcq,334,Meldunku nie składa się w czasie?,W czasie kolejnego przybycia przełożonego w danym dniu podczas pełnienia służby dyżurnej,W czasie witania osób przez kompanię honorową,Po przybyciu do przełożonego - o celu przybycia,,A,,,,,,,,,,
mcq,335,"W wąskim przejściu w przypadku braku możliwości swobodnego minięcia się dwóch osób żołnierz, który zauważy zbliżającego się przełożonego lub wyższego stopniem wojskowym, podaje dla innych żołnierzy komendę?","Żołnierz, który zauważy zbliżającego się przełożonego podaje dla innych żołnierzy komendę PRZEJŚCIE. Żołnierze ustawiają się w sposób umożliwiający swobodne przejście przełożonemu i oddają honory","Żołnierz, który zauważy zbliżającego się przełożonego lub wyższego stopniem wojskowym, podaje dla innych żołnierzy komendę PRZEJŚCIE. Żołnierze ustawiają się w sposób umożliwiający swobodne przejście przełożonemu lub wyższemu stopniem wojskowym i oddają honory",Żołnierze samoczynnie ustawiają się w sposób umożliwiający swobodne przejście przełożonemu i oddają honory,,B,,,,,,,,,,
mcq,336,Jaka jest dozwolona długość paznokci?,Długość paznokci nie może wykraczać 2 mm poza opuszki palców,Długość paznokci nie może wykraczać 5 mm poza opuszki palców,Długość paznokci nie może wykraczać 10 mm poza opuszki palców,,A,,,,,,,,,,
mcq,337,Kto jest organizatorem apelu na szczeblu kompanii?,szef pododdziału lub wyznaczony żołnierz,dowódca pododdziału,bezpośredni przełożony,,A,,,,,,,,,,
mcq,338,"Jaki jest maksymalny czas przepustki jednorazowej, którą może wydać dowódca plutonu?",24h,48h,14h,,A,,,,,,,,,,
mcq,339,Posterunki wartownicze dzieli się na?,"stałe i ruchome; zewnętrzne i wewnętrzne; całodobowe, okresowe i doraźne","mobilne i stałe, okresowe, tymczasowe",żadna odpowiedź nie jest prawidłowa,,A,,,,,,,,,,
mcq,340,Za ochronę informacji niejawnych odpowiada?,"za ochronę informacji niejawnych odpowiada przede wszystkim Dowódca JW, a bezpośrednio podległy mu pełnomocnik do spraw ochrony informacji niejawnych, Szef SOIN, który jest odpowiedzialny za zapewnienie przestrzegania przepisów w tym zakresie",za ochronę informacji niejawnych odpowiada każdy żołnierz,za ochronę informacji niejawnych odpowiada pełnomocnik do spraw ochrony informacji niejawnych,,A,,,,,,,,,,
mcq,341,Z czego składa się Komenda podczas zajęć z Musztry?,z zapowiedzi i hasła,z komendy,z rozkazu i hasła,,A,,,,,,,,,,
mcq,342,Długość kroku defiladowego to?,60-80 cm,70-80 cm,60-70 cm,,A,,,,,,,,,,
mcq,343,Długość kroku zwykłego to?,60-70 cm,70-80 cm,60-80 cm,,A,,,,,,,,,,
mcq,344,Tempo kroku defiladowego to?,112-116 kroków na minutę,114-118 kroków na minutę,116-120 kroków na minutę,,A,,,,,,,,,,
mcq,345,W ugrupowaniu rozwiniętym pluton występuje w następujących szykach?,"Szereg, dwuszereg","Szereg, dwuszereg, trójszereg","Rząd, kolumna dwójkowa, kolumna trójkowa",,B,,,,,,,,,,
mcq,346,W ugrupowaniu marszowym pluton występuje w następujących szykach?,"w rzędzie, w kolumnie dwójkowej, w kolumnie trójkowej i w kolumnie czwórkowej","w kolumnie dwójkowej, w kolumnie trójkowej, w kolumnie czwórkowej","w rzędzie, w kolumnie dwójkowej, w kolumnie czwórkowej",,A,,,,,,,,,,
mcq,347,W ugrupowaniu rozwiniętym drużyna występuje w następujących szykach?,w szeregu i dwuszeregu,w dwuszeregu,"w rzędzie, w kolumnie dwójkowej",,A,,,,,,,,,,
mcq,348,W ugrupowaniu marszowym drużyna występuje w następujących szykach?,w rzędzie i w kolumnie dwójkowej,w szeregu i dwuszeregu,w kolumnie dwójkowej,,A,,,,,,,,,,
mcq,349,Na czym polega odstępowanie?,zwiększanie odstępów między żołnierzami lub pododdziałami o liczbę kroków podaną w komendzie,zwiększanie odległości między skrzydłami szyku,żadna odpowiedź nie jest prawidłowa,,A,,,,,,,,,,
mcq,350,Z dwuszeregu w kolumnę czwórkową z postawy zasadniczej przechodzi się na komendę?,"W czwórki, w prawo - ZWROT","Czwórki, prawo – ZWROT",W prawo – ZWROT,,A,,,,,,,,,,
mcq,351,Kto decyduje o udziale wojskowej asysty honorowej w uroczystościach państwowych?,Minister Obrony Narodowej,dowódca jednostki,Prezydent RP,,A,,,,,,,,,,
mcq,352,Kto odpowiada za organizację i przebieg uroczystości z udziałem wojskowej asysty honorowej?,Jej organizator,dowódca kompanii honorowej,dowódca wojskowej asysty honorowej,,A,,,,,,,,,,
mcq,353,"Jeżeli formuła uroczystości przewiduje składanie wieńców lub wiązanek, jaki sygnał bądź sygnały powinny zostać odegrane lub odtworzone?","Sygnał Śpij, Kolego, a w niektórych przypadkach również sygnał Cisza",Hymn Państwowy i Marsz Generalski,Sygnał Prezydencki i Pieśń Reprezentacyjna Wojska Polskiego,Gaudeamus Igitur i Hasło WP,A,,,,,,,,,,
mcq,354,Które wyszczególnione uroczystości należą do uroczystości państwowych?,Święto Narodowe Trzeciego Maja oraz Narodowe Święto Niepodległości,Święto Wojska Polskiego oraz Dzień Sybiraka,Święto jednostki wojskowej oraz promocja oficerska,Dzień Flagi Rzeczypospolitej Polskiej oraz ślubowanie klas mundurowych,A,,,,,,,,,,
mcq,355,Które wyszczególnione uroczystości należą do uroczystości wojskowych?,"Narodowy Dzień Pamięci Powstania Warszawskiego, Święto Wojska Polskiego, Dzień Pamięci Ofiar Zbrodni Katyńskiej, Narodowy Dzień Zwycięstwa, Narodowy Dzień Pamięci Żołnierzy Wyklętych, Dzień Sybiraka, Dzień Flagi Rzeczypospolitej Polskiej",Wyłącznie Święto Narodowe Trzeciego Maja i Narodowe Święto Niepodległości,Wyłącznie uroczystości organizowane przez szkoły i uczelnie cywilne,Wyłącznie uroczystości rodzinne żołnierzy zawodowych,A,,,,,,,,,,
mcq,356,Co jest odgrywane lub odtwarzane podczas podchodzenia do składania meldunku oraz przeglądu pododdziałów?,"Podczas podchodzenia do składania meldunku sygnał Słuchajcie wszyscy, a podczas przeglądu pododdziałów Marsz generalski","Podczas podchodzenia do składania meldunku Hymn Państwowy, a podczas przeglądu pododdziałów Rota","Podczas podchodzenia do składania meldunku Sygnał Prezydencki, a podczas przeglądu pododdziałów Gaudeamus Igitur","Podczas podchodzenia do składania meldunku Pieśń Reprezentacyjna Wojska Polskiego, a podczas przeglądu pododdziałów Hasło WP",A,,,,,,,,,,
mcq,357,"Czy w uroczystościach z udziałem wojskowej asysty honorowej mogą brać udział wojskowe sztandary historyczne, sztandary organizacji pozarządowych, uczelni, szkół itp.?",Tak,"Tak, ale tylko na wniosek do wyższego przełożonego",Nie,,A,,,,,,,,,,
mcq,358,Czy w uroczystościach z udziałem wojskowej asysty honorowej umundurowani funkcjonariusze innych ministerstw i służb oraz członkowie organizacji pozarządowych mogą razem z żołnierzami pełnić wartę na posterunkach honorowych?,Tak,"Tak, ale tylko na wniosek do wyższego przełożonego",Nie,,A,,,,,,,,,,
mcq,359,"Co należy odegrać na zakończenie uroczystości, której organizatorem jest WP?",Pieśń Reprezentacyjną Wojska Polskiego,Hasło WP,Sygnał Prezydencki,Gaudeamus Igitur,A,,,,,,,,,,
mcq,360,Co należy odegrać podczas podnoszenia na maszt proporca Prezydenta RP?,Sygnał Prezydencki,Hymn Państwowy,Marsz Prezydencki,,A,,,,,,,,,,
mcq,361,Co to jest działalność szkoleniowo-metodyczna?,"Zespołem przedsięwzięć organizacyjnych i szkoleniowych, umożliwiających dowódcom wszystkich szczebli nabycie wiedzy oraz praktycznych umiejętności metodycznych w zakresie prowadzenia szkolenia wojskowego","Podstawowa forma szkolenia bojowego wojsk w szkoleniu indywidualnym, sekcji, drużyny, załogi oraz plutonu równorzędnych",Reguły organizowania i prezentowania treści szkolenia lub kształcenia,,A,,,,,,,,,,
mcq,362,Co to jest instruktaż?,"jest najprostszą formą działalności szkoleniowo-metodycznej, stosowaną w szkoleniu dowództw, sztabów i wojsk, a szczególnie w procesie przygotowania zajęć programowych","jest najprostszą metodą działalności szkoleniowo-metodycznej, stosowaną w szkoleniu dowództw, sztabów i wojsk, a szczególnie w procesie przygotowania zajęć programowych","jest najprostszą formą działalności szkoleniowo-metodycznej, stosowaną w szkoleniu pododdziałów i żołnierzy, a szczególnie w procesie przygotowania zajęć programowych",,A,,,,,,,,,,
mcq,363,Co jest celem instruktażu?,"Upowszechnienie treści pozytywnych doświadczeń metodycznych, co w efekcie przekłada się na indywidualne przygotowanie kadry dowódczej i dydaktycznej do realizacji zadań szkoleniowych",Osiągnięcie celów szkoleniowych z zagadnień szkolenia wojskowego obejmującego określony zakres tematyczny,"Doskonalenie umiejętności metodycznych podwładnych dowódców lub instruktorów, uzgodnienie ich postępowania podczas zajęć, a także sprawdzenie przygotowania do prowadzenia szkolenia",,C,,,,,,,,,,
mcq,364,Jakie wyróżniamy metody przeprowadzenia instruktażu?,"rozkazująca, kolegialna, aktywizująca","dyrektywna, pokazowa, kolegialna","nakazowa, kolegialna, pokazowa",,B,,,,,,,,,,
mcq,365,Na czym polega zasada operatywności zgodnie z zasadami szkolenia wojskowego?,Na posługiwaniu się przez szkolonego zdobytą dotychczas wiedzą oraz wykorzystanie jej w świadomy i planowy sposób w działaniu praktycznym,"Na doborze takich treści kształcenia, metod i środków dydaktycznych, aby przyswajane umiejętności i nawyki stawały się coraz trwalsze, dokładniejsze i usystematyzowane",Na jak najbardziej realnym zbliżeniu szkolenia bojowego do rzeczywistych warunków przewidywanego pola walki,,A,,,,,,,,,,
mcq,366,W jakich formach organizacyjnych mogą być realizowane zajęcia?,"szkolenie uzupełniające, e-learning, kurs szkoleniowy, trening","szkolenie blokowe, szkolenie potokowe, szkolenie zintegrowane, szkolenie zgrywające","podróże szkoleniowe, musztra bojowa, zajęcia praktyczne, ćwiczenia taktyczne z wojskami",,B,,,,,,,,,,
mcq,367,Kto ponosi odpowiedzialność za poziom wyszkolenia bezpośrednio podległych wojsk?,szef szkolenia,szef sztabu,każdy przełożony,dowódca jednostki wojskowej,C,,,,,,,,,,
mcq,368,Kierowanie szkoleniem w Siłach Zbrojnych RP na wszystkich szczeblach dowodzenia realizowane jest w ramach funkcjonującego systemu dowodzenia zgodnie z zasadą?,Wiązania teorii z praktyką,Dowodzisz - szkolisz - odpowiadasz,świadomego i aktywnego udziału szkolonych,,B,,,,,,,,,,
mcq,369,Ile razy w ciągu roku w czasie planowania szkolenia w garnizonie uwzględnia się szkolenie w ramach Dnia gotowości mobilizacyjnej i bojowej?,raz na kwartał,raz na pół roku,raz na rok,,A,,,,,,,,,,
mcq,370,Co to jest musztra bojowa?,"specyficzna forma zajęć praktycznych stosowana w szkoleniu bojowym, zwłaszcza w taktyce. Poprzedza przejście od szkolenia indywidualnego do szkolenia w składzie pododdziału wyższego szczebla",forma szkolenia żołnierzy i pododdziałów polegająca na systematycznym ćwiczeniu czynności sensorycznych lub motorycznych dla uzyskania określonego poziomu wyszkolenia indywidualnego lub zespołowego,"podstawowa forma szkolenia bojowego wojsk w szkoleniu indywidualnym, sekcji, drużyny, załogi oraz plutonu równorzędnych","zorganizowana forma szkolenia żołnierzy specjalistów w ośrodkach, centrach szkolenia i jednostkach wojskowych",C,,,,,,,,,,
mcq,371,Co to jest System Wykorzystania Doświadczeń?,"zbiór elementów struktur, procesów, narzędzi powiązanych ze sobą wzajemnymi relacjami zapewniającymi właściwe przetwarzanie nabytych doświadczeń i umożliwiającymi ich upowszechnianie",zbiór procesów powiązanych ze sobą wzajemnymi relacjami zapewniającymi właściwe przetwarzanie nabytych doświadczeń i umożliwiającymi ich upowszechnianie,"zbiór elementów struktur, procesów, narzędzi powiązanych ze sobą wzajemnymi relacjami zapewniającymi właściwe przetwarzanie przyszłych doświadczeń",,A,,,,,,,,,,
mcq,372,Kto odpowiada za funkcjonowanie Systemu Wykorzystania Doświadczeń na danym szczeblu dowodzenia?,właściwy dowódca,każdy żołnierz,szef wydziału,,A,,,,,,,,,,
mcq,373,Ile etapów obejmuje Proces Wykorzystania Doświadczeń?,6,7,8,,A,,,,,,,,,,
mcq,374,Który etap jest pierwszy w Procesie Wykorzystania Doświadczeń?,Identyfikacja obserwacji,Rozpoznanie,Analiza,,A,,,,,,,,,,
mcq,375,Który etap jest ostatni w Procesie Wykorzystania Doświadczeń?,Upowszechnianie,Zdobywanie,Kontrola,,A,,,,,,,,,,
mcq,376,Kto ma prawo do zgłaszania obserwacji w Systemie Wykorzystania Doświadczeń?,"Wszyscy użytkownicy systemu – dowódcy, personel SWD, żołnierze i pracownicy",żołnierze wyznaczeni rozkazem organizacyjnym dowódcy,tylko personel SWD,,A,,,,,,,,,,
mcq,377,Ile faz obejmuje etap analizy w Procesie Wykorzystania Doświadczeń?,5,4,6,,A,,,,,,,,,,
mcq,378,"Jak nazywa się dokument, za pomocą którego dokonuje się zgłoszenia dokonanej obserwacji?",AZO – Arkusz Zgłoszenia Obserwacji,AUO – Arkusz Upowszechniania Obserwacji,ADO – Arkusz Dokonanej Obserwacji,,A,,,,,,,,,,
mcq,379,"Jak nazywa się dokument, gdzie personel Systemu Wykorzystania Doświadczeń umieszcza wszystkie zgłoszone obserwacje?",RZO – Rejestr Zgłoszonych Obserwacji,RZO – Rejestr Zarejestrowanych Obserwacji,RWO – Rejestr Wykorzystania Obserwacji,,A,,,,,,,,,,
mcq,380,Co to jest weryfikacja działań naprawczych?,przedsięwzięcie mające na celu określenie sposobu realizacji Procesu Wykorzystania Doświadczeń wobec zgłaszanej obserwacji,"przedsięwzięcie mające na celu sprawdzenie, czy problem został wyeliminowany w toku działań naprawczych","dokument końcowy będący wynikiem etapu analizy, zawierający wnioski i rekomendacje działań naprawczych","stwierdzenie występowania niepożądanego, niedoskonałego zdarzenia, zjawiska, problemu, wadliwie lub właściwie funkcjonującego",B,,,,,,,,,,
mcq,381,Czym jest komunikowanie społeczne?,procesem i stanem gromadzenia informacji,"procesem wytwarzania, przekształcania wytwarzania informacji",procesem wytwarzania informacji od nadawcy do odbiorcy,,B,,,,,,,,,,
mcq,382,Do komunikatów niewerbalnych w komunikacji zaliczamy?,"mowa ciała, gesty, ton głosu, wykorzystanie przestrzeni",wyłącznie słowa wypowiadane przez nadawcę,tylko tekst pisany i komunikaty formalne,jedynie meldunki i rozkazy,A,,,,,,,,,,
mcq,383,Na czym polega model perswazji w komunikacji społecznej?,"na świadomym oddziaływaniu na postawy, zachowania lub decyzje odbiorcy poprzez użycie werbalnych i niewerbalnych symboli, prezentowanie argumentów i wykorzystanie psychologicznych mechanizmów wpływu",na biernym odbiorze informacji bez próby wpływania na odbiorcę,na przekazywaniu informacji wyłącznie w jedną stronę bez sprzężenia zwrotnego,na całkowitym pomijaniu argumentów i symboli w komunikacji,A,,,,,,,,,,
mcq,384,Na czym polega liniowy model transferu informacji?,na przekazie w jedną i drugą stronę,na przekazie i ponawianiu go okresowo w czasie,"na przekazie w jedną stronę, często bez możliwości informacji zwrotnej",,C,,,,,,,,,,
mcq,385,Komunikacja jako uzgadnianie znaczenia to model oparty na założeniu że?,celem komunikacji jest osiągnięcie wzajemnego zrozumienia między jej uczestnikami poprzez wymianę i wspólne tworzenie znaczeń w kontekście osobistych obszarów znaczeń nadawcy i odbiorcy,celem komunikacji jest wyłącznie przekazanie rozkazu bez interpretacji przez odbiorcę,komunikacja polega tylko na technicznym przesłaniu informacji kanałem łączności,znaczenie komunikatu jest zawsze stałe i niezależne od kontekstu,A,,,,,,,,,,
mcq,386,Kinezjetyka?,Mowa ciała - komunikacja niewerbalna,Mowa – komunikacja werbalna,żadna odpowiedź nie jest prawidłowa,,A,,,,,,,,,,
mcq,387,Proksemika to?,"postrzeganie, wykorzystanie oraz strukturyzowanie przestrzeni otoczenia dla celów komunikacyjnych",wykorzystanie oraz strukturyzowanie przestrzeni otoczenia dla celów strategicznych,strukturyzowanie przestrzeni otoczenia dla celów administracyjnych,,A,,,,,,,,,,
mcq,388,"Oddzielanie ludzi od problemu; twardość wobec problemu; miękkość wobec ludzi, charakteryzuje styl negocjacji?","Negocjacje rzeczowe, bazujące na zasadach",Negocjacje strategiczne,żadna odpowiedź nie jest prawidłowa,,A,,,,,,,,,,
mcq,389,Co to jest dydaktyka?,"dział pedagogiki zajmujący się analizą celów, treści, metod, zasad i form organizacyjnych procesów kształcenia oraz ich psychologiczno-społecznych uwarunkowań",dział socjologii zajmujący się wyłącznie komunikacją społeczną,dział psychologii badający tylko emocje żołnierzy,dział administracji opisujący organizację jednostek wojskowych,A,,,,,,,,,,
mcq,390,Pedagogika jest nauką o?,"rozwoju, wychowaniu i kształceniu człowieka na wszystkich etapach jego życia, obejmującą aspekty teoretyczne i praktyczne procesów edukacyjnych oraz opiekuńczo-wychowawczych",wyłącznie nauczaniu przedmiotów ścisłych w szkołach wojskowych,tylko organizacji szkolenia bojowego w jednostce,wyłącznie metodach prowadzenia odpraw i instruktaży,A,,,,,,,,,,
mcq,391,Angielski skrót StratCom oznacza?,strategię komunikacyjną,komunikację strategiczną,łączność strategiczną,dowództwo strategiczne,B,,,,,,,,,,
mcq,392,Pojęcie komunikacja strategiczna odnosi się do?,systemu środków dowodzenia i łączności na poziomie strategicznym,transportu pomiędzy teatrami działań,szeroko rozumianego oddziaływania informacyjnego,oddziaływania o charakterze pozamilitarnym,C,,,,,,,,,,
mcq,393,Militarne obszary działań komunikacji strategicznej to?,komunikacja społeczna,dyplomacja,operacje informacyjne,operacje informacyjne i operacje psychologiczne,D,,,,,,,,,,
mcq,394,Niemilitarne obszary działań komunikacji strategicznej to?,komunikacja społeczna,komunikacja społeczna i dyplomacja,operacje informacyjne,operacje psychologiczne,B,,,,,,,,,,
mcq,395,Kiedy weszła w życie DECYZJA Nr 47/MON MINISTRA OBRONY NARODOWEJ w sprawie zasad realizacji polityki informacyjnej i funkcjonowania służby komunikacji społecznej w resorcie obrony narodowej?,26 marca 2010,26 marca 2019,14 kwietnia 2002,14 kwietnia 2022,B,,,,,,,,,,
mcq,396,Proszę rozwinąć akronim CGDP?,Centrum Generalnych Działań Psychologicznych,Centralna Grupa ds. Dyplomacji Publicznej,Centralna Grupa Działań Psychologicznych,Centrum Gromadzenia Danych Psychologicznych,C,,,,,,,,,,
mcq,397,Dyplomacja publiczna?,"stanowi integralny element, komponent tradycyjnie pojmowanej dyplomacji",polega na kształtowaniu przez władze opinii publicznej we własnym kraju,"obejmuje wymiar stosunków międzynarodowych wykraczający poza obszar tradycyjnej dyplomacji, polegający na kształtowaniu przez rząd jednego państwa opinii publicznej w innych państwach","stanowi zinstytucjonalizowaną formę dezinformacji, cywilny odpowiednik dezinformacji",C,,,,,,,,,,
mcq,398,Zgodnie z dokumentami sojuszniczymi współpraca cywilno-wojskowa?,jest działalnością zaliczaną do obszarów funkcjonalnych komunikacji strategicznej,nie jest działalnością zaliczaną zasadniczo do obszarów funkcjonalnych komunikacji strategicznej,jest działalnością zaliczaną do obszaru wojskowej działalności prasowo-informacyjnej,nie ma żadnego wpływu na środowisko informacyjne,B,,,,,,,,,,
mcq,399,Koncepcja komunikacji strategicznej w SZ RP?,jest bezpośrednim odzwierciedleniem sojuszniczej koncepcji komunikacji strategicznej,jest rozwinięciem dwóch narodowych koncepcji: operacji informacyjnych i operacji psychologicznych,"nie jest bezpośrednim odzwierciedleniem sojuszniczej koncepcji komunikacji strategicznej, lecz stanowi propozycję wdrożenia spójnego rozwiązania systemowego",jest wojskowym odpowiednikiem cywilnej dyplomacji publicznej,C,,,,,,,,,,
mcq,400,"Komunikacja strategiczna, zgodnie z koncepcją jej prowadzenia przez SZ RP, może być realizowana w następujących płaszczyznach?","narodowej, sojuszniczej i koalicyjnej",wyłącznie narodowej,narodowej i koalicyjnej,"narodowej, sojuszniczej, koalicyjnej i wewnętrznej",A,,,,,,,,,,
mcq,401,Współpraca cywilnowojskowa to?,Współpraca pomiędzy siłami Sojuszu Północnoatlantyckiego a środowiskiem cywilnym,koncepcja porozumienia z siłami przeciwnika na polu walki,rodzaj działań planistycznych w operacji kryzysowej,działania planistyczne w zarządzaniu bezpieczeństwem militarnym,A,,,,,,,,,,
mcq,402,Problematyka współpracy cywilnowojskowej zawarta jest w?,Strategii bezpieczeństwa RP,Doktrynie współpracy cywilno-wojskowej w SZ RP DD/9,planie budżetu państwa na kolejny rok,programie doskonalenia obrony cywilnej,B,,,,,,,,,,
mcq,403,Osoby funkcyjne CIMIC są w pełni włączone?,w dowództwo wojsk oraz mają uprawnienia koordynacji działań CIMIC w rejonie działań,do procesu oceny skutków sytuacji kryzysowych,w proces zarządzania administracją publiczną,nie występują w strukturze systemu bezpieczeństwa regionu,A,,,,,,,,,,
mcq,404,Uwarunkowania współpracy cywilnowojskowej to między innymi?,"gwarancje prawne, zagrożenia bezpieczeństwa, system bezpieczeństwa",sytuacja geograficzna,sytuacja polityczno-militarna,wola dowódców prowadzących operację militarną,A,,,,,,,,,,
mcq,405,Współpraca cywilnowojskowa może być prowadzona?,tylko w sprzyjających warunkach geograficznych,"we wszystkich rodzajach zagrożeń, w różnym środowisku geograficznym oraz rozmachu operacyjnym",tylko w okresie pokoju,tylko podczas rozejmu w prowadzonych działaniach wojennych,B,,,,,,,,,,
mcq,406,Celem współpracy cywilnowojskowej jest?,zaprezentowanie możliwości bojowych przeciwnikowi,umożliwienie koordynacji niezbędnej do wsparcia i ułatwienia planowania i prowadzenia operacji wojskowej,doskonalenie strategii militarnej,racjonalne rozmieszczenie zgrupowania zadaniowego w terenie,B,,,,,,,,,,
mcq,407,Proces realizacji zadań CIMIC realizowany jest?,"w trzech fazach: przedoperacyjnej, operacyjnej, przejściowej",w fazie odbudowy po zniszczeniach wojennych,jest procesem nieuporządkowanych działań planistycznych,tylko podczas planowania operacji militarnej,A,,,,,,,,,,
mcq,408,Celem operacji informacyjnych jest?,działania podejmowane dla osiągnięcia przewagi informacyjnej w działaniach,"etapem działań, w którym ocenia się poziom osiągnięcia celu operacyjnego","etapem działań CIMIC, w którym koryguje się plany operacji",etapem działań podsumowujących operację wojskową,A,,,,,,,,,,
mcq,409,Operacje informacyjne InfOps są to działania podejmowane w celu?,osłabienia woli lub zdolności przeciwnika do prowadzenia walki,uporządkowania procesu współpracy cywilnowojskowej,nie wchodzą w zakres działalności cywilnowojskowej,przekazania zasadniczych informacji o własnych zamierzeniach,A,,,,,,,,,,
mcq,410,Operacje psychologiczne PsyOps?,"to operacje przekazywania wybranych informacji dla odbiorców oraz wpływanie na ich emocje, motywacje, myślenie",są to działania przeciwnika w okresie poprzedzającym konflikt zbrojny,są to operacje prowadzone wobec kadry dowódczej przeciwnika,są to operacje przeciwko ludności cywilnej,A,,,,,,,,,,
mcq,411,Jaki to typ statku powietrznego?,MiG-29,A-50 Szmiel,B-52,F-16,B,/images/a50szmiel.png,,,,,,,,,
mcq,412,Jaki to typ statku powietrznego?,C-130 Hercules,AN-26,AN-12,CASA C-295,C,/images/an2.png,,,,,,,,,
mcq,413,Jaki to typ statku powietrznego?,KC-135,C-17 Globemaster,AN-12,C-5 Galaxy,C,/images/an12.png,,,,,,,,,
mcq,414,Jaki to typ śmigłowca?,Mi-24,AH-1 Cobra,AH-64 Apache,Ka-52,C,/images/apache.png,,,,,,,,,
mcq,415,Co oznacza ten znak taktyczny?,Piechota,Saperzy,Artyleria,Wojska pancerne,C,/images/artleria.png,,,,,,,,,
mcq,416,Co oznacza ten znak taktyczny?,Artyleria lufowa,Wojska rakietowe,Obrona przeciwlotnicza,Artyleria rakietowa,D,/images/artyleriarakietowa.png,,,,,,,,,
mcq,417,Jaki to typ bezzałogowca?,MQ-9 Reaper,Heron,Bayraktar TB2,Orion,C,/images/bayraktar.png,,,,,,,,,
mcq,418,Jaki to typ samolotu?,C-130,Boeing E-3 AWACS,Il-76,KC-135,B,/images/boeing3awacs.png,,,,,,,,,
mcq,419,Jaki to typ samolotu?,Airbus A330 MRTT,C-17,KC-135 Stratotanker,Il-78,C,/images/boeingkc135.png,,,,,,,,,
mcq,420,Jaki to typ samolotu?,C-295,C-17,C-130 Hercules,An-12,C,/images/c130.png,,,,,,,,,
mcq,421,Jaki to typ samolotu?,C-27J Spartan,CASA C-295,An-26,C-130,B,/images/casa295.png,,,,,,,,,
mcq,422,Jaki to typ statku powietrznego?,MiG-29,F-16 Fighting Falcon,F-15,F-18,B,/images/flyeye.png,,,,,,,,,
mcq,423,Jaki to typ statku powietrznego?,Mi-28,Grumman 2 Hawkeye,Ka-52,AH-64,B,/images/grumman2hawkeye.png,,,,,,,,,
mcq,424,Jaki to typ samolotu?,C-17,Il-76,An-12,C-130,B,/images/il76.png,,,,,,,,,
mcq,425,Jaki to typ śmigłowca?,Mi-24,Ka-52 Alligator,Apache,Mi-28,B,/images/ka52.png,,,,,,,,,
mcq,426,Jaki to typ samolotu wczesnego ostrzegania?,Saab 340 AEW,KJ-2000,A-50,E-3 AWACS,B,/images/kj2000.png,,,,,,,,,
mcq,427,Co oznacza ten znak taktyczny?,Lotnictwo transportowe,Lotnictwo rozpoznawcze,Lotnictwo taktyczne,Lotnictwo szkolne,C,/images/lotnictwotaktyczne.png,,,,,,,,,
mcq,428,Jaki to typ śmigłowca?,Mi-28,Mi-8,Mi-24,Ka-52,C,/images/mi24.png,,,,,,,,,
mcq,429,Jaki to typ śmigłowca?,Mi-24,Mi-28 Havoc,Ka-52,Apache,B,/images/mi28.png,,,,,,,,,
mcq,430,Jaki to typ samolotu?,Gripen,Su-27,MiG-29,F-16,C,/images/mig29.png,,,,,,,,,
mcq,431,Jaki to typ bezzałogowca?,Heron,MQ-9 Reaper,Orion,Bayraktar TB2,B,/images/mq9reaper.png,,,,,,,,,
mcq,432,Co oznacza ten znak taktyczny?,Artyleria,Wojska pancerne,Piechota,Kawaleria,B,/images/pancerna.png,,,,,,,,,
mcq,433,Co oznacza ten znak taktyczny?,Logistyka,Piechota,Saperzy,Piechota zmechanizowana,B,/images/piechota.png,,,,,,,,,
mcq,434,Co oznacza ten znak taktyczny?,Piechota zmotoryzowana,Piechota górska,Desantowa,Piechota morska,B,/images/piechotagorska.png,,,,,,,,,
mcq,435,Co oznacza ten znak taktyczny?,Łączność,Wojska inżynieryjne,Logistyka,Artyleria,B,/images/wojskainzynieryjne.png,,,,,,,,,
mcq,436,Co oznacza ten znak taktyczny?,Lotnictwo,Wojska powietrznodesantowe,Piechota,Obrona plot.,B,/images/wojskapowietrznodesantowe.png,,,,,,,,,
mcq,437,Co oznacza ten znak taktyczny?,Snajperzy,Wojska rozpoznawcze,Lotnictwo,Piechota,B,/images/wojskarozpoznawcze.png,,,,,,,,,
mcq,438,Co oznacza ten znak taktyczny?,Wojska pancerne,Artyleria,Wojska przeciwpancerne,Piechota,C,/images/wojskaprzeciwpancerne.png,,,,,,,,,
mcq,439,Co oznacza ten znak taktyczny?,Logistyka,Wojska zabezpieczenia technicznego,Łączność,Inżynieryjne,B,/images/wojskazabezpieczeniatechnicznego.png,,,,,,,,,
mcq,440,Co oznacza ten znak taktyczny?,Pancerna,Desantowa,Zmechanizowana,Piechota,C,/images/zmechanizowana.png,,,,,,,,,
mcq,441,Plan przedstawia bitwę wojen napoleońskich pod,Austerlitz,Waterloo,Lipskiem,,B,waterloo_plan_01.png,,,,,,,,,
mcq,442,Plan przedstawia bitwę amerykańskiej wojny secesyjnej pod,Gettysburgiem,Antietam,Shiloh,,A,gettysburg_plan_01.png,,,,,,,,,
mcq,443,Plan obrazuje oblężenie na początku XX wieku carskiej twierdzy pod,Brześciem,Port Arthur,Przemyślem,,B,port_arthur_siege_01.png,,,,,,,,,
mcq,444,Zdjęcie przedstawia amerykańskiego generała,Dwight Eisenhower,George Patton,Omar Bradley,,B,patton_portrait_01.png,,,,,,,,,
mcq,445,Zdjęcie z okresu II wojny światowej prezentuje zatknięcie flagi USA na wyspie,Guam,Iwo Jima,Okinawa,,B,iwo_jima_flag_01.png,,,,,,,,,
mcq,446,Obraz przedstawia bitwę polskich żołnierzy na froncie zachodnim II wojny światowej pod,Falaise,Arnhem,Monte Cassino,,C,monte_cassino_battle_01.png,,,,,,,,,
mcq,447,Zdjęcie przedstawia polskiego generała,Władysław Anders,Stanisław Maczek,Tadeusz Bór Komorowski,,A,anders_portrait_01.png,,,,,,,,,
mcq,448,Plan przedstawia bitwę na froncie wschodnim II wojny światowej pod,Kurskiem,Stalingradem,Moskwą,,A,kursk_plan_01.png,,,,,,,,,
mcq,449,Zdjęcie ukazuje model przedwojennego polskiego samolotu myśliwskiego,PZL P 11,PZL 23 Karaś,PZL 37 Łoś,,A,pzl_p11_model_01.png,,,,,,,,,
mcq,450,Plan przedstawia obronę podczas I wojny światowej twierdzy,Przemyśl,Brześć,Osowiec,,A,przemysl_fortress_01.png,,,,,,,,,
mcq,451,Niżej przedstawiony znak wojskowy dotyczy,Artylerii przeciwpancernej,Artylerii przeciwlotniczej,Artylerii rakietowej,,A,artillery_symbol_01.png,,,,,,,,,
mcq,452,Nazwij w kolejności sylwetki bezzałogowych statków powietrznych,MQ 9 Reaper RQ 7 Shadow Orbiter TB2 Bayraktar,Global Hawk Predator Bayraktar TB2 Warmate,Predator Reaper RQ 7 Shadow Bayraktar TB2,,A,uav_set_01.png,,,,,,,,,
mcq,453,Nazwij w kolejności sylwetki samolotów specjalnego przeznaczenia,E 3 Sentry E 2 Hawkeye RC 135 Rivet Joint KC 135 Stratotanker,E 2 Hawkeye E 3 Sentry KC 135 RC 135,Rivet Joint Hawkeye Sentry Stratotanker,,A,special_aircraft_set_01.png,,,,,,,,,
mcq,454,Nazwij w kolejności sylwetki samolotów rozpoznania i monitorowania przestrzeni powietrznej,E 3 Sentry P 3 Orion Ił 20 E 2 Hawkeye,P 3 Orion E 3 Sentry E 2 Hawkeye Ił 20,E 2 Hawkeye Ił 20 E 3 Sentry P 3 Orion,,A,recon_aircraft_set_01.png,,,,,,,,,
mcq,455,Nazwij w kolejności sylwetki samolotów transportowych,C 130 Hercules C 130 Hercules An 12 An 72,C 295 Hercules An 12 An 124,Hercules An 26 An 12 C 17,,A,transport_aircraft_set_01.png,,,,,,,,,
mcq,456,Nazwij w kolejności sylwetki śmigłowców,Mi 24 Mi 8 AH 64 Apache Mi 28,Mi 8 Mi 24 Apache Mi 28,Apache Mi 24 Mi 8 Mi 28,,A,helicopter_set_01.png,,,,,,,,,
mcq,457,Nazwij w kolejności sylwetki samolotów i śmigłowców,F 16 MiG 29 C 130 Mi 17,MiG 29 F 16 C 130 Mi 24,F 15 Su 27 An 26 Mi 8,,A,aircraft_mix_set_01.png,,,,,,,,,
mcq,458,Nazwij w kolejności sylwetki czołgów,T 72 PT 91 Leopard 2A4 M1 Abrams,Leopard 2A4 T 72 Abrams PT 91,M1 Abrams Leopard 2A4 T 72 PT 91,,A,tank_set_01.png,,,,,,,,,